t,f1,f2,f3
0,3.0064,1.4352,1
0.0033344,1.3214,8.3714,0.97813
0.0066689,-0.95511,-3.9327,0.91349
0.010003,-0.086124,4.8815,0.80889
0.013338,2.1675,0.095073,0.66892
0.016672,1.9746,0.59446,0.4997
0.020007,-0.69137,-7.5699,0.30862
0.023341,-1.9081,-4.1281,0.10404
0.026676,0.25309,-5.1363,-0.10508
0.03001,1.794,1.5626,-0.30961
0.033344,-0.16326,0.82943,-0.5006
0.036679,-2.7795,-4.5988,-0.6697
0.040013,-1.7942,-8.3545,-0.80951
0.043348,0.46994,5.7342,-0.91391
0.046682,0.35838,4.6737,-0.97835
0.050017,-1.843,-4.2775,-1
0.053351,-2.632,-8.5022,-0.97791
0.056686,-0.52711,-1.9571,-0.91306
0.06002,1.1663,5.0022,-0.80828
0.063354,-0.21849,-1.4976,-0.66814
0.066689,-2.3385,-8.8274,-0.49879
0.070023,-1.4314,0.5833,-0.30762
0.073358,1.3713,5.505,-0.103
0.076692,1.6083,-1.2687,0.10613
0.080027,-0.66963,-2.736,0.31061
0.083361,-1.2173,-4.9775,0.50151
0.086696,1.1092,7.8767,0.67048
0.09003,2.7831,9.3992,0.81012
0.093364,1.2269,7.3815,0.91434
0.096699,-0.80986,-3.0807,0.97857
0.10003,-0.1007,4.2114,1
0.10337,2.5131,8.5361,0.9777
0.1067,2.39,6.6237,0.91263
0.11004,-0.29272,-1.5241,0.80766
0.11337,-1.1849,4.168,0.66736
0.11671,0.99755,10.595,0.49788
0.12004,2.1487,2.3621,0.30662
0.12337,0.47349,3.9497,0.10196
0.12671,-2.0278,-0.33053,-0.10717
0.13004,-1.4435,-5.6416,-0.31161
0.13338,1.1693,-3.0793,-0.50242
0.13671,0.83248,-5.4909,-0.67126
0.14005,-1.859,-7.6313,-0.81074
0.14338,-2.6466,-7.6506,-0.91476
0.14672,-0.4283,5.5115,-0.97878
0.15005,1.0085,1.8531,-1
0.15338,-0.62718,-2.1118,-0.97747
0.15672,-2.8227,1.9845,-0.91221
0.16005,-1.7144,2.0809,-0.80704
0.16339,0.89855,1.1199,-0.66658
0.16672,1.0907,-0.45173,-0.49697
0.17006,-1.3578,11.512,-0.30563
0.17339,-1.9877,8.3611,-0.10092
0.17673,0.47418,-4.2896,0.10821
0.18006,2.111,10.137,0.3126
0.18339,0.97893,1.7496,0.50332
0.18673,-0.97883,-4.5113,0.67203
0.19006,-0.10084,-0.0071112,0.81135
0.1934,2.6077,3.0501,0.91519
0.19673,2.434,1.485,0.979
0.20007,-0.15111,7.3866,0.99999
0.2034,-0.84599,1.1738,0.97725
0.20674,1.1771,5.3831,0.91178
0.21007,2.8495,1.4288,0.80642
0.2134,0.94001,-1.3287,0.6658
0.21674,-1.2962,-2.6501,0.49606
0.22007,-0.5934,-0.64034,0.30463
0.22341,1.5687,-1.6783,0.099874
0.22674,1.2747,-1.466,-0.10925
0.23008,-1.4333,-7.9384,-0.3136
0.23341,-2.2766,-2.3556,-0.50423
0.23675,-0.31244,-0.55996,-0.67281
0.24008,1.2665,3.626,-0.81196
0.24341,-0.74359,4.656,-0.91561
0.24675,-2.9718,-6.9835,-0.97921
0.25008,-2.2121,6.3415,-0.99999
0.25342,0.53169,-3.3757,-0.97703
0.25675,0.60657,1.3035,-0.91135
0.26009,-1.7371,0.071928,-0.8058
0.26342,-2.4681,1.1468,-0.66502
0.26676,-0.020924,-3.8328,-0.49515
0.27009,1.6376,8.4039,-0.30363
0.27342,0.059075,3.2301,-0.098832
0.27676,-1.624,2.6056,0.11029
0.28009,-0.61049,-6.4614,0.31459
0.28343,2.1146,-4.2751,0.50513
0.28676,2.0188,-1.3893,0.67358
0.2901,-0.2697,2.4212,0.81257
0.29343,-0.91808,1.2777,0.91603
0.29677,1.4445,3.3137,0.97942
0.3001,2.8564,0.25043,0.99998
0.30343,1.1401,9.0938,0.97681
0.30677,-1.0317,0.89045,0.91091
0.3101,0.00039901,7.3915,0.80518
0.31344,2.2598,-2.462,0.66424
0.31677,2.0153,7.3309,0.49424
0.32011,-0.7723,1.1333,0.30263
0.32344,-1.8268,2.4333,0.097789
0.32678,0.50822,-1.9341,-0.11133
0.33011,1.8027,9.1993,-0.31558
0.33344,-0.54935,5.3891,-0.50604
0.33678,-2.6886,-4.196,-0.67436
0.34011,-1.734,3.5851,-0.81318
0.34345,0.76879,3.5245,-0.91645
0.34678,0.48621,0.50471,-0.97963
0.35012,-1.9502,-7.1953,-0.99997
0.35345,-2.8124,-5.209,-0.97658
0.35679,-0.5072,2.507,-0.91048
0.36012,1.1898,-1.2094,-0.80456
0.36345,-0.54339,0.85275,-0.66345
0.36679,-2.5088,-2.804,-0.49333
0.37012,-1.2423,-0.80208,-0.30164
0.37346,1.5426,-6.8611,-0.096747
0.37679,1.5288,2.5806,0.11237
0.38013,-0.60404,-1.3592,0.31658
0.38346,-1.3622,-7.4186,0.50694
0.3868,1.0683,-1.999,0.67513
0.39013,2.8003,-0.81003,0.81379
0.39346,1.2568,1.0335,0.91687
0.3968,-0.99077,7.3144,0.97984
0.40013,0.1765,5.9615,0.99996
0.40347,2.6309,0.7244,0.97636
0.4068,2.4432,-5.7912,0.91005
0.41014,-0.32495,-5.4235,0.80394
0.41347,-1.241,-0.56119,0.66267
0.41681,0.83296,-2.8701,0.49242
0.42014,2.1316,3.7804,0.30064
0.42347,0.37799,-8.3367,0.095704
0.42681,-2.0493,-1.9393,-0.11341
0.43014,-1.185,3.0771,-0.31757
0.43348,1.1924,0.71477,-0.50784
0.43681,0.6515,-0.78213,-0.6759
0.44015,-1.927,1.3718,-0.8144
0.44348,-2.7004,-5.7797,-0.91728
0.44682,-0.46042,-2.8922,-0.98005
0.45015,0.98905,-8.2196,-0.99996
0.45348,-0.73606,-6.8759,-0.97613
0.45682,-2.8101,-3.0993,-0.90961
0.46015,-1.6725,-2.932,-0.80331
0.46349,1.0329,-5.929,-0.66189
0.46682,1.0785,4.4454,-0.49151
0.47016,-1.5574,-2.8703,-0.29964
0.47349,-1.9393,-11.104,-0.094661
0.47683,0.53475,-3.059,0.11445
0.48016,2.1972,-1.8854,0.31857
0.48349,0.80204,-8.5217,0.50874
0.48683,-1.2763,-12.608,0.67667
0.49016,-0.037867,1.1382,0.81501
0.4935,2.5756,8.6236,0.9177
0.49683,2.3436,7.0705,0.98026
0.50017,-0.17778,-0.50694,0.99995
0.5035,-0.86159,5.6673,0.9759
0.50684,1.3551,6.2917,0.90918
0.51017,2.7856,1.6726,0.80269
0.5135,0.99628,4.6397,0.6611
0.51684,-1.4626,-3.5684,0.4906
0.52017,-0.577,-4.2513,0.29864
0.52351,1.7492,7.3205,0.093618
0.52684,1.2146,-2.9579,-0.1155
0.53018,-1.3491,-3.3851,-0.31956
0.53351,-2.5435,-8.5726,-0.50965
0.53685,-0.43709,0.23445,-0.67744
0.54018,1.0645,1.7846,-0.81561
0.54351,-0.47543,5.9431,-0.91812
0.54685,-2.8797,-3.2862,-0.98046
0.55018,-1.8277,-6.0838,-0.99993
0.55352,0.73309,6.6385,-0.97567
0.55685,0.53615,-5.2385,-0.90874
0.56019,-1.9102,1.2604,-0.80207
0.56352,-2.5578,-7.8717,-0.66031
0.56686,0.059811,-5.3203,-0.48968
0.57019,1.7206,0.49767,-0.29764
0.57352,0.11536,-8.9179,-0.092575
0.57686,-1.6874,-6.3623,0.11654
0.58019,-0.57201,-2.723,0.32055
0.58353,2.0958,-1.2386,0.51055
0.58686,2.0953,10.365,0.67821
0.5902,-0.32504,4.6843,0.81622
0.59353,-0.82881,-6.9303,0.91853
0.59687,1.581,-2.6613,0.98067
0.6002,2.9888,-4.7247,0.99992
0.60353,1.1057,2.3601,0.97544
0.60687,-1.0941,-1.3889,0.9083
0.6102,-0.10515,6.1955,0.80144
0.61354,2.3324,4.2167,0.65953
0.61687,1.8709,-4.8836,0.48877
0.62021,-0.92336,-5.3657,0.29664
0.62354,-1.5904,-2.8164,0.091532
0.62688,0.46245,-1.7566,-0.11758
0.63021,1.6577,1.2578,-0.32154
0.63354,-0.30585,-3.2752,-0.51145
0.63688,-2.5084,-6.39,-0.67898
0.64021,-1.753,-1.0863,-0.81683
0.64355,0.80363,-5.0575,-0.91894
0.64688,0.4984,0.31383,-0.98087
0.65022,-2.0458,3.3447,-0.99991
0.65355,-2.7102,5.4053,-0.97521
0.65689,-0.44765,-3.2725,-0.90786
0.66022,1.2082,0.55341,-0.80081
0.66355,-0.51422,4.7831,-0.65874
0.66689,-2.431,3.6769,-0.48786
0.67022,-0.93485,5.6936,-0.29564
0.67356,1.6406,7.971,-0.090489
0.67689,1.5716,2.9054,0.11862
0.68023,-0.84325,-3.5734,0.32253
0.68356,-1.2227,-6.5896,0.51235
0.6869,1.1123,2.5905,0.67975
0.69023,2.5378,7.6147,0.81743
0.69356,1.0708,3.4139,0.91936
0.6969,-0.91157,-3.336,0.98108
0.70023,0.015941,-4.0796,0.99989
0.70357,2.48,1.5991,0.97498
0.7069,2.4492,3.947,0.90742
0.71024,-0.19427,-2.7491,0.80018
0.71357,-1.0571,1.2052,0.65795
0.71691,0.73242,-1.5648,0.48694
0.72024,2.2783,9.1422,0.29464
0.72357,0.20224,-0.97914,0.089446
0.72691,-2.1188,-3.1258,-0.11966
0.73024,-1.1549,-2.0085,-0.32353
0.73358,1.0962,1.9835,-0.51325
0.73691,0.65792,0.11153,-0.68052
0.74025,-2.0991,-0.87995,-0.81803
0.74358,-2.7481,-5.7427,-0.91977
0.74692,-0.52597,-2.9669,-0.98128
0.75025,0.82374,5.4023,-0.99988
0.75358,-0.89053,7.3327,-0.97474
0.75692,-2.8311,-6.5756,-0.90698
0.76025,-1.6388,6.3512,-0.79956
0.76359,0.98121,-3.4881,-0.65716
0.76692,0.78458,2.788,-0.48603
0.77026,-1.4699,-3.455,-0.29363
0.77359,-2.154,-7.4893,-0.088402
0.77693,0.87401,-0.61464,0.1207
0.78026,2.376,6.0856,0.32452
0.78359,0.59816,-4.6441,0.51414
0.78693,-1.2621,-5.4906,0.68129
0.79026,-0.15387,-4.597,0.81863
0.7936,2.5473,-1.6551,0.92018
0.79693,2.2662,0.64112,0.98148
0.80027,-0.17657,4.4098,0.99986
0.8036,-0.75693,0.095684,0.97451
0.80694,1.2911,3.2317,0.90654
0.81027,2.8209,0.29418,0.79893
0.8136,0.70542,1.1128,0.65637
0.81694,-1.405,-2.8855,0.48511
0.82027,-0.44754,4.7038,0.29263
0.82361,1.7628,-2.2188,0.087359
0.82694,1.2456,3.8537,-0.12174
0.83028,-1.5903,-1.3052,-0.32551
0.83361,-2.4306,0.48285,-0.51504
0.83695,0.01989,-0.88071,-0.68205
0.84028,1.2834,0.10474,-0.81924
0.84361,-0.9261,0.48093,-0.92059
0.84695,-3.0246,-1.6634,-0.98168
0.85028,-1.7471,1.4294,-0.99984
0.85362,0.71191,6.1643,-0.97427
0.85695,0.43292,0.19299,-0.9061
0.86029,-1.9203,-6.1434,-0.7983
0.86362,-2.4155,-6.4987,-0.65558
0.86696,0.11181,-1.8898,-0.48419
0.87029,1.7378,2.5598,-0.29163
0.87362,-0.18135,-6.7371,-0.086315
0.87696,-1.6996,-7.6733,0.12278
0.88029,-0.40127,3.7457,0.3265
0.88363,2.2506,-2.788,0.51594
0.88696,1.9227,-1.6759,0.68282
0.8903,-0.45889,-2.3734,0.81984
0.89363,-0.77069,-1.7156,0.921
0.89697,1.573,2.7407,0.98188
0.9003,2.9624,13.169,0.99982
0.90363,0.95065,-4.9322,0.97404
0.90697,-1.0474,-2.642,0.90565
0.9103,0.057619,0.12787,0.79766
0.91364,2.2726,-1.2411,0.65479
0.91697,1.8188,-2.1457,0.48328
0.92031,-0.97466,-0.3988,0.29063
0.92364,-1.6096,3.5267,0.085271
0.92698,0.40417,1.0914,-0.12382
0.93031,1.5645,-0.82846,-0.32749
0.93364,-0.58249,5.4638,-0.51684
0.93698,-2.5384,-4.4467,-0.68358
0.94031,-1.6339,-4.931,-0.82044
0.94365,0.91916,0.39056,-0.92141
0.94698,0.52011,1.6658,-0.98208
0.95032,-2.3007,-1.0201,-0.9998
0.95365,-2.7885,0.91399,-0.9738
0.95699,-0.42181,-4.6845,-0.90521
0.96032,1.1965,1.9732,-0.79703
0.96365,-0.64298,4.5941,-0.654
0.96699,-2.4796,-0.81412,-0.48236
0.97032,-1.1711,0.98908,-0.28963
0.97366,1.5529,3.1838,-0.084228
0.97699,1.5653,-5.7728,0.12486
0.98033,-0.92421,-1.3685,0.32848
0.98366,-1.2361,-3.8064,0.51773
0.987,1.258,-3.7931,0.68435
0.99033,2.7453,2.3948,0.82103
0.99366,0.89041,7.5252,0.92181
0.997,-1.0611,3.487,0.98228
1.0003,0.17872,6.0034,0.99978
1.0037,2.792,1.2706,0.97356
1.007,2.1557,7.8164,0.90476
1.0103,-0.4376,-2.6232,0.7964
1.0137,-1.1319,-8.212,0.6532
1.017,1.1534,-4.0403,0.48144
1.0203,2.3566,4.1703,0.28862
1.0237,0.26019,1.9068,0.083184
1.027,-1.981,-1.8094,-0.12589
1.0303,-1.0601,-0.5108,-0.32947
1.0337,1.1622,-0.57036,-0.51863
1.037,0.75314,4.788,-0.68511
1.0403,-1.9439,0.03872,-0.82163
1.0437,-2.7604,6.8092,-0.92222
1.047,-0.25008,-0.25083,-0.98247
1.0504,1.0076,-3.3145,-0.99976
1.0537,-1.0836,1.2039,-0.97332
1.057,-2.8543,-5.9209,-0.90432
1.0604,-1.5125,-3.6913,-0.79577
1.0637,1.1512,4.1693,-0.65241
1.067,0.77226,7.4726,-0.48052
1.0704,-1.4183,3.0472,-0.28762
1.0737,-1.6332,1.0146,-0.08214
1.077,0.75923,5.2419,0.12693
1.0804,2.3132,4.851,0.33046
1.0837,0.5004,2.3058,0.51953
1.087,-1.1102,-2.9146,0.68587
1.0904,-0.055234,0.85489,0.82223
1.0937,2.7526,8.6666,0.92262
1.097,2.1896,-2.0208,0.98267
1.1004,-0.31973,-3.3638,0.99973
1.1037,-0.96009,0.82374,0.97308
1.107,1.5715,6.4154,0.90387
1.1104,2.8681,-0.81508,0.79513
1.1137,0.80984,1.4235,0.65162
1.117,-1.5411,-0.56173,0.4796
1.1204,-0.47813,-1.4908,0.28662
1.1237,1.9032,3.4623,0.081096
1.127,1.2103,2.1096,-0.12797
1.1304,-1.6546,-3.8549,-0.33144
1.1337,-2.2295,-1.2791,-0.52042
1.137,-0.015585,2.982,-0.68664
1.1404,1.1781,0.51314,-0.82282
1.1437,-1.0952,0.29677,-0.92303
1.147,-3.0061,-3.9433,-0.98286
1.1504,-1.7668,3.0645,-0.99971
1.1537,0.66402,-3.7603,-0.97284
1.1571,0.49174,2.358,-0.90342
1.1604,-2.1002,-4.688,-0.79449
1.1637,-2.2549,-2.9825,-0.65082
1.1671,0.28293,-2.704,-0.47868
1.1704,1.7881,-0.30071,-0.28561
1.1737,0.014251,2.3565,-0.080052
1.1771,-1.8726,0.43819,0.12901
1.1804,-0.22537,-4.4312,0.33243
1.1837,2.1448,-3.1835,0.52131
1.1871,1.9763,3.0199,0.6874
1.1904,-0.30225,1.8007,0.82342
1.1937,-0.80064,-7.7751,0.92343
1.1971,1.6584,-5.2019,0.98305
1.2004,2.9487,4.8167,0.99968
1.2037,0.93301,0.66148,0.9726
1.2071,-1.0694,5.6462,0.90297
1.2104,0.034275,-1.306,0.79386
1.2137,2.3416,1.6319,0.65003
1.2171,1.5166,1.1414,0.47776
1.2204,-1.0018,0.31836,0.28461
1.2237,-1.6613,-9.3787,0.079007
1.2271,0.52543,4.9029,-0.13005
1.2304,1.6685,5.5281,-0.33342
1.2337,-0.48937,0.82837,-0.52221
1.2371,-2.652,-6.1138,-0.68816
1.2404,-1.611,4.992,-0.82401
1.2437,0.67088,1.4043,-0.92383
1.2471,0.2507,1.8276,-0.98324
1.2504,-2.3177,-1.633,-0.99966
1.2538,-2.7195,2.0907,-0.97235
1.2571,-0.21917,-1.1677,-0.90252
1.2604,1.0468,-3.2656,-0.79322
1.2638,-0.69776,1.1132,-0.64923
1.2671,-2.4753,-6.1771,-0.47684
1.2704,-1.0111,-2.4663,-0.28361
1.2738,1.7717,7.3972,-0.077963
1.2771,1.4161,1.166,0.13109
1.2804,-0.74642,-2.13,0.33441
1.2838,-1.1315,1.2478,0.5231
1.2871,1.4505,-2.1348,0.68892
1.2904,2.8141,4.1334,0.82461
1.2938,1.0534,-3.6112,0.92423
1.2971,-0.97854,-4.2925,0.98343
1.3004,0.38369,-4.6288,0.99963
1.3038,2.8635,-2.6671,0.97211
1.3071,2.3254,3.3953,0.90207
1.3104,-0.60509,-0.28925,0.79258
1.3138,-0.96193,-4.4669,0.64843
1.3171,1.189,-1.6788,0.47592
1.3204,2.4209,3.6104,0.2826
1.3238,-0.19927,-0.64483,0.076919
1.3271,-2.1432,3.3398,-0.13213
1.3304,-0.96271,1.5932,-0.33539
1.3338,1.1422,2.4653,-0.52399
1.3371,0.64374,6.0427,-0.68968
1.3404,-1.9826,-2.7338,-0.8252
1.3438,-2.792,-4.1179,-0.92463
1.3471,-0.35132,-2.8556,-0.98362
1.3505,0.88333,4.7528,-0.9996
1.3538,-1.0769,-2.0869,-0.97186
1.3571,-2.9346,-7.6432,-0.90162
1.3605,-1.4611,-6.0675,-0.79194
1.3638,1.0032,6.64,-0.64763
1.3671,0.85236,-2.5476,-0.475
1.3705,-1.4815,-0.72093,-0.2816
1.3738,-1.8137,-2.4853,-0.075874
1.3771,0.90408,3.3211,0.13317
1.3805,2.2387,0.96081,0.33638
1.3838,0.43007,-5.6467,0.52489
1.3871,-1.2011,1.3339,0.69044
1.3905,0.20741,1.4073,0.82579
1.3938,2.7806,5.9324,0.92503
1.3971,2.4582,7.4843,0.98381
1.4005,-0.369,1.922,0.99957
1.4038,-0.76304,1.772,0.97161
1.4071,1.5284,-3.8299,0.90116
1.4105,2.9275,6.6684,0.7913
1.4138,0.58361,-0.44057,0.64684
1.4171,-1.7391,-4.5885,0.47408
1.4205,-0.42946,-7.3258,0.28059
1.4238,1.772,-3.9007,0.07483
1.4271,1.0072,1.7099,-0.1342
1.4305,-1.6839,-0.56886,-0.33737
1.4338,-2.0677,-2.7904,-0.52578
1.4371,0.13363,-3.695,-0.69119
1.4405,1.1421,-1.9933,-0.82638
1.4438,-1.1046,2.7254,-0.92543
1.4471,-3.1001,-0.64154,-0.984
1.4505,-1.7489,-9.3439,-0.99954
1.4538,0.8408,-3.2997,-0.97136
1.4572,0.41175,1.736,-0.90071
1.4605,-2.21,1.6264,-0.79066
1.4638,-2.3024,-1.6124,-0.64604
1.4672,0.20826,4.615,-0.47316
1.4705,1.6153,1.2395,-0.27958
1.4738,-0.037694,2.4994,-0.073785
1.4772,-1.776,-2.0439,0.13524
1.4805,-0.19668,-2.0448,0.33835
1.4838,2.0928,9.6804,0.52667
1.4872,2.0008,7.8042,0.69195
1.4905,-0.51222,0.83834,0.82697
1.4938,-0.71771,-6.048,0.92582
1.4972,2.0483,-0.61365,0.98419
1.5005,2.904,-0.37406,0.99951
1.5038,1.0921,-1.3446,0.97112
1.5072,-1.1483,-0.94421,0.90025
1.5105,0.30381,0.45312,0.79002
1.5138,2.3586,4.0679,0.64524
1.5172,1.7015,-3.1499,0.47223
1.5205,-1.2796,2.4645,0.27858
1.5238,-1.7987,-2.0469,0.07274
1.5272,0.60362,-0.20631,-0.13628
1.5305,1.7292,4.9657,-0.33934
1.5338,-0.57939,0.69145,-0.52756
1.5372,-2.697,-5.0333,-0.6927
1.5405,-1.4709,2.3299,-0.82756
1.5438,0.91421,-1.2627,-0.92622
1.5472,0.18208,7.4405,-0.98437
1.5505,-2.3862,-5.7604,-0.99947
1.5539,-2.5882,7.1957,-0.97086
1.5572,-0.10991,4.7647,-0.8998
1.5605,1.0654,0.50255,-0.78938
1.5639,-0.65495,-2.7804,-0.64444
1.5672,-2.5115,0.069838,-0.47131
1.5705,-0.69536,-2.4772,-0.27757
1.5739,1.6802,0.95139,-0.071695
1.5772,1.3608,7.0989,0.13732
1.5805,-0.95502,-7.5684,0.34032
1.5839,-1.1011,-2.6966,0.52845
1.5872,1.4769,3.3192,0.69346
1.5905,2.6575,1.5749,0.82814
1.5939,0.78536,0.27814,0.92661
1.5972,-1.1579,3.4871,0.98455
1.6005,0.62534,-0.43356,0.99944
1.6039,2.6262,8.9368,0.97061
1.6072,1.998,4.373,0.89934
1.6105,-0.43462,2.9931,0.78873
1.6139,-0.95341,5.0167,0.64363
1.6172,1.3261,5.7278,0.47039
1.6205,2.1579,5.3581,0.27657
1.6239,-0.016124,-0.84019,0.07065
1.6272,-2.1058,-2.5665,-0.13835
1.6305,-0.8444,1.0504,-0.34131
1.6339,1.1643,3.3716,-0.52934
1.6372,0.35715,0.60423,-0.69421
1.6405,-2.3064,-5.7181,-0.82873
1.6439,-2.7193,-8.9423,-0.927
1.6472,-0.15188,-0.72496,-0.98474
1.6506,0.91386,-1.8223,-0.9994
1.6539,-1.0239,2.8939,-0.97036
1.6572,-2.9228,-9.9247,-0.89888
1.6606,-1.3968,1.8077,-0.78809
1.6639,1.1008,4.5395,-0.64283
1.6672,0.68421,6.3848,-0.46946
1.6706,-1.5904,-0.44417,-0.27556
1.6739,-1.5949,5.0503,-0.069606
1.6772,0.83862,6.2604,0.13939
1.6806,2.1505,-2.4611,0.34229
1.6839,0.29521,-0.55743,0.53023
1.6872,-1.3447,-7.6142,0.69497
1.6906,0.26506,-2.5021,0.82932
1.6939,2.7985,2.4072,0.9274
1.6972,2.2249,2.74,0.98492
1.7006,-0.53179,0.25892,0.99937
1.7039,-0.59598,0.26548,0.97011
1.7072,1.8644,-1.0757,0.89842
1.7106,2.7805,-3.9059,0.78744
1.7139,0.47235,3.19,0.64203
1.7172,-1.547,-1.4909,0.46854
1.7206,-0.21596,5.7322,0.27455
1.7239,1.9989,-2.4985,0.06856
1.7272,1.093,-0.42937,-0.14043
1.7306,-1.927,9.6205,-0.34328
1.7339,-2.1792,-1.9711,-0.53111
1.7372,0.22326,-2.267,-0.69572
1.7406,1.2291,6.9935,-0.8299
1.7439,-0.98689,-5.2277,-0.92779
1.7472,-2.7604,-0.42135,-0.9851
1.7506,-1.6017,-1.5077,-0.99933
1.7539,0.6355,4.4744,-0.96985
1.7573,0.24206,4.793,-0.89796
1.7606,-2.1484,-2.4964,-0.7868
1.7639,-2.3012,-10.72,-0.64123
1.7673,0.21267,7.3972,-0.46761
1.7706,1.5704,-1.4323,-0.27354
1.7739,-0.14879,-1.2486,-0.067515
1.7773,-1.9604,4.1102,0.14147
1.7806,-0.30864,1.4465,0.34426
1.7839,2.3698,0.30748,0.532
1.7873,1.7718,5.1495,0.69647
1.7906,-0.54073,3.0683,0.83049
1.7939,-0.59764,-1.918,0.92818
1.7973,1.7383,-4.2913,0.98528
1.8006,3.0207,4.3478,0.99929
1.8039,0.90813,2.7267,0.9696
1.8073,-1.1875,2.1918,0.8975
1.8106,0.43442,-5.9109,0.78615
1.8139,2.5107,2.742,0.64042
1.8173,1.487,3.9331,0.46668
1.8206,-1.2527,0.83932,0.27254
1.8239,-1.595,-0.90097,0.06647
1.8273,0.74769,2.2776,-0.1425
1.8306,1.4278,9.3399,-0.34524
1.8339,-0.87093,-3.3591,-0.53289
1.8373,-2.6476,4.1393,-0.69722
1.8406,-1.4029,3.3047,-0.83107
1.8439,0.83264,-7.2325,-0.92857
1.8473,0.28607,3.5201,-0.98546
1.8506,-2.5565,2.4211,-0.99925
1.854,-2.4628,2.2921,-0.96934
1.8573,0.069557,1.2941,-0.89704
1.8606,1.2286,2.2328,-0.7855
1.864,-0.80112,1.8205,-0.63962
1.8673,-2.3895,-8.1796,-0.46576
1.8706,-0.84001,3.1767,-0.27153
1.874,1.6053,-3.7685,-0.065425
1.8773,1.271,-3.5833,0.14354
1.8806,-0.89276,-1.194,0.34623
1.884,-1.0011,2.5538,0.53377
1.8873,1.681,4.3868,0.69797
1.8906,2.9037,10.019,0.83165
1.894,0.67276,4.9713,0.92896
1.8973,-0.87197,-5.1561,0.98564
1.9006,0.62741,0.29894,0.99921
1.904,2.6165,3.567,0.96908
1.9073,2.1222,-2.7488,0.89657
1.9106,-0.65942,1.1889,0.78485
1.914,-0.78877,-1.4413,0.63881
1.9173,1.3816,7.3098,0.46483
1.9206,2.1469,2.393,0.27052
1.924,-0.28546,-5.3726,0.06438
1.9273,-2.1099,-1.9423,-0.14458
1.9306,-0.94193,3.5486,-0.34721
1.934,1.3499,3.483,-0.53466
1.9373,0.56223,4.4062,-0.69872
1.9406,-2.2368,1.9581,-0.83223
1.944,-2.5541,3.1805,-0.92934
1.9473,-0.19798,3.9474,-0.98581
1.9507,1.0718,4.4678,-0.99917
1.954,-1.079,-0.23077,-0.96882
1.9573,-2.7626,0.91598,-0.89611
1.9607,-1.3524,-5.1368,-0.78421
1.964,1.1975,-0.044491,-0.638
1.9673,0.80277,-1.7498,-0.4639
1.9707,-1.6896,-1.0539,-0.26951
1.974,-1.9616,0.93195,-0.063334
1.9773,1.0064,0.94604,0.14561
1.9807,2.0988,6.4988,0.34819
1.984,0.29336,1.8534,0.53554
1.9873,-1.2717,-1.988,0.69947
1.9907,0.25358,4.6159,0.83281
1.994,2.6488,-0.33792,0.92973
1.9973,2.0088,-2.3107,0.98599
2.0007,-0.50925,-1.6275,0.99912
2.004,-0.68812,8.6756,0.96856
2.0073,1.7767,-0.070233,0.89564
2.0107,2.6116,13.579,0.78355
2.014,0.45699,-0.38357,0.6372
2.0173,-1.4522,1.035,0.46297
2.0207,-0.19178,-0.29864,0.2685
2.024,1.9356,0.30953,0.062289
2.0273,0.93255,3.9899,-0.14665
2.0307,-1.815,5.5267,-0.34917
2.034,-2.256,0.36269,-0.53643
2.0373,0.11282,-7.6173,-0.70022
2.0407,1.0548,-3.17,-0.83339
2.044,-1.1467,0.55837,-0.93012
2.0473,-3.1037,12.788,-0.98616
2.0507,-1.4498,0.98171,-0.99908
2.054,0.91118,-2.4212,-0.9683
2.0574,0.27973,-3.3794,-0.89518
2.0607,-2.1667,3.3466,-0.7829
2.064,-2.4452,5.5081,-0.63639
2.0674,0.41967,4.0782,-0.46205
2.0707,1.8239,-4.1442,-0.26749
2.074,-0.35319,3.007,-0.061243
2.0774,-1.6748,-2.9434,0.14769
2.0807,-0.07912,-0.046744,0.35016
2.084,2.4831,1.9499,0.53731
2.0874,1.8447,5.5287,0.70097
2.0907,-0.48225,2.1394,0.83397
2.094,-0.59564,-5.035,0.9305
2.0974,2.1475,2.0664,0.98633
2.1007,2.8668,10.645,0.99903
2.104,0.80106,4.9644,0.96804
2.1074,-1.104,-1.5113,0.89471
2.1107,0.2598,-6.3295,0.78225
2.114,2.6967,5.2427,0.63558
2.1174,1.4481,1.3494,0.46112
2.1207,-1.1582,-3.3012,0.26648
2.124,-1.695,3.6313,0.060198
2.1274,0.80249,-1.6594,-0.14872
2.1307,1.6214,1.0233,-0.35114
2.134,-0.60808,-2.7271,-0.5382
2.1374,-2.58,-4.9721,-0.70172
2.1407,-1.3453,-3.2311,-0.83455
2.144,1.1499,-3.9563,-0.93088
2.1474,0.037711,-1.3597,-0.98651
2.1507,-2.5243,3.4021,-0.99899
2.1541,-2.4936,0.67838,-0.96778
2.1574,0.026018,-5.2121,-0.89424
2.1607,1.1581,-1.1238,-0.7816
2.1641,-1.0562,-5.7602,-0.63477
2.1674,-2.5111,-1.6673,-0.46019
2.1707,-0.66638,-8.1967,-0.26547
2.1741,1.7052,0.96929,-0.059152
2.1774,1.1567,0.80864,0.14976
2.1807,-1.033,-5.7809,0.35212
2.1841,-1.0809,-9.7445,0.53908
2.1874,1.5829,3.6367,0.70246
2.1907,2.7901,-0.0093871,0.83513
2.1941,0.63142,0.35291,0.93127
2.1974,-0.91563,-6.6188,0.98668
2.2007,0.56641,6.2103,0.99894
2.2041,2.7777,10.655,0.96751
2.2074,1.8864,2.0794,0.89377
2.2107,-0.61369,-9.2976,0.78094
2.2141,-0.97077,4.0263,0.63396
2.2174,1.4419,1.4899,0.45926
2.2207,2.2301,-0.29273,0.26446
2.2241,-0.35085,-5.6637,0.058106
2.2274,-2.1312,-7.3962,-0.15079
2.2307,-0.84742,-2.9205,-0.3531
2.2341,1.1237,-1.1875,-0.53996
2.2374,0.30653,7.0501,-0.70321
2.2407,-2.1985,-6.3129,-0.8357
2.2441,-2.329,-10.709,-0.93165
2.2474,-0.25588,-0.23376,-0.98685
2.2508,0.86993,5.5086,-0.99889
2.2541,-1.2398,1.2795,-0.96725
2.2574,-2.8741,-4.6705,-0.8933
2.2608,-1.1958,3.3218,-0.78029
2.2641,1.4022,-1.7351,-0.63315
2.2674,0.67132,2.3614,-0.45833
2.2708,-1.815,3.5272,-0.26345
2.2741,-1.5453,-5.6151,-0.05706
2.2774,1.1326,0.91399,0.15183
2.2808,2.3345,-2.1122,0.35408
2.2841,0.19087,1.1537,0.54084
2.2874,-1.2399,-7.9799,0.70395
2.2908,0.39602,-1.4741,0.83628
2.2941,2.9048,0.8235,0.93203
2.2974,1.8576,1.3366,0.98702
2.3008,-0.61736,-8.452,0.99884
2.3041,-0.66266,3.0693,0.96698
2.3074,1.8315,-0.97228,0.89283
2.3108,2.6997,12.856,0.77963
2.3141,0.28353,4.6213,0.63234
2.3174,-1.4401,1.0383,0.45739
2.3208,-0.065811,-2.0812,0.26244
2.3241,1.8436,1.889,0.056014
2.3274,0.81543,0.84938,-0.15286
2.3308,-1.7511,-9.0756,-0.35506
2.3341,-2.0835,8.6522,-0.54172
2.3374,0.19287,0.77285,-0.7047
2.3408,1.1162,3.5033,-0.83685
2.3441,-1.2693,-2.3518,-0.93241
2.3474,-2.8259,4.2614,-0.98718
2.3508,-1.391,-12.68,-0.99879
2.3541,1.0111,-1.157,-0.96671
2.3575,0.17559,6.3346,-0.89236
2.3608,-2.22,-0.4211,-0.77898
2.3641,-2.3304,-3.9927,-0.63153
2.3675,0.45502,-8.0587,-0.45646
2.3708,1.6343,-1.3665,-0.26143
2.3741,-0.23087,-5.1144,-0.054968
2.3775,-1.8663,-5.1645,0.1539
2.3808,0.046302,5.5496,0.35604
2.3841,2.5142,4.3968,0.5426
2.3875,1.7269,6.6776,0.70544
2.3908,-0.69376,8.2546,0.83742
2.3941,-0.61333,0.60184,0.93278
2.3975,1.9854,0.5412,0.98735
2.4008,2.8684,4.5728,0.99874
2.4041,0.76715,-0.41735,0.96644
2.4075,-1.2888,0.74698,0.89188
2.4108,0.45344,-3.9569,0.77832
2.4141,2.5661,6.4329,0.63072
2.4175,1.5177,4.6598,0.45553
2.4208,-1.1478,-3.7011,0.26042
2.4241,-1.5326,7.8024,0.053922
2.4275,0.88881,7.1459,-0.15493
2.4308,1.5309,2.9808,-0.35701
2.4341,-0.73618,-3.903,-0.54348
2.4375,-2.7639,2.3541,-0.70618
2.4408,-1.3132,-7.1233,-0.83799
2.4441,0.94936,6.0596,-0.93316
2.4475,0.072612,-2.6986,-0.98752
2.4508,-2.4053,2.1299,-0.99868
2.4542,-2.4857,1.2454,-0.96617
2.4575,-0.010434,-2.0831,-0.89141
2.4608,1.0918,-3.0065,-0.77766
2.4642,-0.97694,2.5901,-0.6299
2.4675,-2.5476,-1.6952,-0.4546
2.4708,-0.70646,-11.041,-0.25941
2.4742,1.9218,0.25735,-0.052876
2.4775,1.1664,-1.9516,0.15597
2.4808,-1.168,5.0752,0.35799
2.4842,-0.92537,5.3869,0.54436
2.4875,1.7684,-0.36841,0.70692
2.4908,2.5738,-3.2394,0.83857
2.4942,0.57164,5.224,0.93354
2.4975,-0.96894,5.1858,0.98768
2.5008,0.79351,-1.864,0.99863
2.5042,2.9991,0.21579,0.9659
2.5075,1.9012,3.0639,0.89094
2.5108,-0.51412,-3.0645,0.777
2.5142,-0.80726,-3.4115,0.62909
2.5175,1.4654,-1.9831,0.45366
2.5208,2.1052,0.10398,0.2584
2.5242,-0.1578,-3.5477,0.05183
2.5275,-2.0704,-5.1111,-0.157
2.5308,-0.46799,0.2387,-0.35897
2.5342,1.4231,-1.6168,-0.54524
2.5375,0.32404,0.45074,-0.70766
2.5408,-2.4165,-9.7525,-0.83914
2.5442,-2.3257,-5.5779,-0.93391
2.5475,0.14164,3.8059,-0.98784
2.5509,0.99129,-1.8152,-0.99857
2.5542,-1.42,1.331,-0.96563
2.5575,-2.9211,-7.2273,-0.89046
2.5609,-1.1497,-2.92,-0.77634
2.5642,1.1204,7.5251,-0.62828
2.5675,0.60269,2.438,-0.45273
2.5709,-1.7489,-4.1494,-0.25739
2.5742,-1.7638,3.0694,-0.050784
2.5775,1.0911,1.6219,0.15804
2.5809,2.3586,-0.049346,0.35995
2.5842,0.24861,-4.4006,0.54612
2.5875,-1.2144,0.29688,0.7084
2.5909,0.58706,-0.11952,0.83971
2.5942,2.9094,7.9826,0.93429
2.5975,1.9244,-1.1891,0.98801
2.6009,-0.43867,2.7302,0.99852
2.6042,-0.39038,0.95485,0.96536
2.6075,1.7968,-1.4529,0.88998
2.6109,2.9354,-3.3133,0.77568
2.6142,0.13561,-1.5283,0.62746
2.6175,-1.4543,-1.268,0.4518
2.6209,0.060259,-4.2586,0.25637
2.6242,1.9456,3.9264,0.049738
2.6275,0.78935,-7.3851,-0.15907
2.6309,-1.8356,4.0437,-0.36093
2.6342,-1.9083,0.56866,-0.54699
2.6375,0.31644,9.2911,-0.70914
2.6409,0.96815,-3.3639,-0.84027
2.6442,-1.252,-3.2122,-0.93466
2.6475,-3.0043,-6.0575,-0.98817
2.6509,-1.2341,6.323,-0.99846
2.6542,0.86111,-3.0188,-0.96508
2.6576,0.019819,-4.1213,-0.8895
2.6609,-2.3385,-0.55739,-0.77502
2.6642,-2.1432,1.1335,-0.62664
2.6676,0.56949,-6.0978,-0.45086
2.6709,1.6895,3.3787,-0.25536
2.6742,-0.59092,-2.9746,-0.048692
2.6776,-1.9561,6.2459,0.16011
2.6809,0.059383,2.675,0.3619
2.6842,2.3974,-2.9364,0.54787
2.6876,1.6652,-0.94841,0.70988
2.6909,-0.8832,4.6384,0.84084
2.6942,-0.46416,-1.3181,0.93503
2.6976,2.0924,3.5771,0.98833
2.7009,2.7402,-0.76398,0.9984
2.7042,0.6232,1.5101,0.96481
2.7076,-1.0914,-3.5872,0.88902
2.7109,0.56329,-3.4065,0.77436
2.7142,2.4494,3.3221,0.62583
2.7176,1.4271,0.88136,0.44993
2.7209,-1.1422,-4.6277,0.25435
2.7242,-1.4894,0.25091,0.047645
2.7276,1.0043,3.6504,-0.16114
2.7309,1.5171,-7.8135,-0.36288
2.7342,-1.0374,-2.3603,-0.54875
2.7376,-2.6021,-2.7053,-0.71062
2.7409,-1.0446,0.42829,-0.84141
2.7442,0.90367,2.4616,-0.9354
2.7476,0.081548,5.3319,-0.98849
2.7509,-2.6827,-2.7222,-0.99834
2.7543,-2.3908,-1.2062,-0.96453
2.7576,0.29355,4.6617,-0.88854
2.7609,1.062,-6.8774,-0.7737
2.7643,-1.0499,-4.4266,-0.62501
2.7676,-2.4256,-1.795,-0.44899
2.7709,-0.60399,-0.12259,-0.25333
2.7743,1.9165,3.5559,-0.046599
2.7776,1.2256,1.584,0.16217
2.7809,-1.0755,-4.2896,0.36385
2.7843,-0.9138,-7.0332,0.54962
2.7876,1.7637,0.94902,0.71135
2.7909,2.8625,-1.526,0.84197
2.7943,0.6321,1.9353,0.93577
2.7976,-0.98664,4.6482,0.98864
2.8009,0.85247,-0.99499,0.99828
2.8043,2.8714,-2.2244,0.96426
2.8076,1.9003,-3.0136,0.88806
2.8109,-0.62162,2.1299,0.77303
2.8143,-0.74315,-1.1287,0.62419
2.8176,1.5423,-4.9557,0.44805
2.8209,2.0171,-3.3258,0.25232
2.8243,-0.51126,-2.6156,0.045553
2.8276,-2.1023,-5.4155,-0.16321
2.8309,-0.55212,-1.3338,-0.36483
2.8343,1.2419,2.0735,-0.5505
2.8376,0.2446,-1.2488,-0.71209
2.8409,-2.3948,-9.8249,-0.84254
2.8443,-2.1993,-4.5923,-0.93614
2.8476,0.067709,2.8353,-0.9888
2.851,0.82434,-1.9573,-0.99822
2.8543,-1.5529,7.8854,-0.96398
2.8576,-2.9335,-6.9614,-0.88758
2.861,-1.0576,0.93447,-0.77237
2.8643,1.2816,-1.241,-0.62337
2.8676,0.53491,-2.4605,-0.44712
2.871,-1.7449,6.1396,-0.25131
2.8743,-1.4879,-1.0472,-0.044506
2.8776,1.2564,-1.034,0.16424
2.881,2.3897,1.2811,0.36581
2.8843,0.1516,2.8953,0.55137
2.8876,-1.2812,-3.1739,0.71282
2.891,0.55487,2.944,0.8431
2.8943,2.7836,10.272,0.93651
2.8976,2.0338,9.2509,0.98896
2.901,-0.53183,7.0678,0.99815
2.9043,-0.56068,-0.95107,0.9637
2.9076,2.0581,2.8671,0.8871
2.911,2.856,-1.6195,0.7717
2.9143,0.24081,-6.1623,0.62255
2.9176,-1.5594,-1.6382,0.44618
2.921,0.14298,0.19566,0.25029
2.9243,1.9271,6.8316,0.043459
2.9276,0.6931,2.783,-0.16527
2.931,-2.0595,-2.986,-0.36678
2.9343,-2.0622,-6.0498,-0.55225
2.9376,0.48128,1.8567,-0.71356
2.941,1.0505,0.4021,-0.84366
2.9443,-1.4668,-10.467,-0.93687
2.9476,-2.8661,-4.4175,-0.98911
2.951,-1.1231,-1.0215,-0.99809
2.9543,0.91654,-4.0798,-0.96342
2.9577,-0.079807,-0.080031,-0.88661
2.961,-2.4028,-3.8769,-0.77103
2.9643,-2.0404,-8.7625,-0.62173
2.9677,0.85048,-1.2254,-0.44524
2.971,1.5526,9.4918,-0.24928
2.9743,-0.5268,-1.5521,-0.042413
2.9777,-1.628,-6.0449,0.16631
2.981,0.20793,-1.4262,0.36775
2.9843,2.3735,3.5267,0.55312
2.9877,1.5659,-6.6613,0.71429
2.991,-0.76409,5.9133,0.84423
2.9943,-0.46969,-1.8481,0.93724
2.9977,2.096,6.5473,0.98927
3.001,2.7081,-3.5448,0.99803
3.0043,0.57747,-5.749,0.96314
3.0077,-1.2897,1.7647,0.88613
3.011,0.72694,1.9644,0.77037
3.0143,2.4297,2.774,0.62091
3.0177,1.4488,3.4116,0.4443
3.021,-1.4276,1.6219,0.24826
3.0243,-1.4407,1.0119,0.041366
3.0277,1.101,0.13861,-0.16734
3.031,1.47,-5.2397,-0.36873
3.0343,-1.148,-8.7843,-0.55399
3.0377,-2.7491,-2.5159,-0.71502
3.041,-0.89039,4.2713,-0.84479
3.0443,1.0516,0.16563,-0.93761
3.0477,-0.33883,6.2523,-0.98942
3.051,-2.5581,5.0395,-0.99796
3.0544,-2.2424,-3.4294,-0.96286
3.0577,0.2173,2.5929,-0.88564
3.061,0.90932,0.16363,-0.7697
3.0644,-0.88276,0.45828,-0.62009
3.0677,-2.5115,-2.7271,-0.44336
3.071,-0.43734,1.5914,-0.24725
3.0744,1.8306,2.4777,-0.04032
3.0777,0.93621,0.37254,0.16837
3.081,-1.2446,-0.9871,0.3697
3.0844,-1.0112,7.7529,0.55486
3.0877,1.9367,2.7319,0.71576
3.091,2.7241,5.9278,0.84535
3.0944,0.27855,6.4938,0.93797
3.0977,-1.0733,-3.7002,0.98957
3.101,0.9013,9.0406,0.99789
3.1044,2.9503,3.6434,0.96257
3.1077,1.7728,4.7894,0.88516
3.111,-0.80163,5.0979,0.76903
3.1144,-0.87568,0.69105,0.61927
3.1177,1.5976,7.7454,0.44243
3.121,2.1518,-6.5939,0.24623
3.1244,-0.53923,2.8235,0.039273
3.1277,-2.0324,-0.06201,-0.16941
3.131,-0.36617,-4.8167,-0.37068
3.1344,1.3156,1.9361,-0.55573
3.1377,0.057555,0.37775,-0.71649
3.141,-2.3972,-1.5434,-0.84591
3.1444,-2.3067,-0.49523,-0.93833
3.1477,0.21677,-5.6595,-0.98972
3.1511,0.96569,3.0192,-0.99782
3.1544,-1.3584,0.2223,-0.96229
3.1577,-2.8564,-3.5298,-0.88467
3.1611,-0.9038,-2.488,-0.76836
3.1644,1.3385,-3.3505,-0.61845
3.1677,0.46985,10.199,-0.44149
3.1711,-2.0347,0.10422,-0.24522
3.1744,-1.5132,0.96759,-0.038226
3.1777,1.3762,2.5811,0.17044
3.1811,2.0862,-0.56073,0.37165
3.1844,-0.12472,-1.55,0.5566
3.1877,-1.1825,-4.2627,0.71722
3.1911,0.58057,4.1781,0.84647
3.1944,2.9232,-2.316,0.93869
3.1977,1.7598,1.8421,0.98987
3.2011,-0.64996,1.1026,0.99775
3.2044,-0.59166,-3.4214,0.962
3.2077,1.9203,2.3073,0.88418
3.2111,2.5493,1.4721,0.76769
3.2144,-0.10898,-5.8705,0.61762
3.2177,-1.4245,-1.8766,0.44055
3.2211,0.073425,-1.4825,0.2442
3.2244,1.8275,2.6755,0.037179
3.2277,0.55162,6.9246,-0.17147
3.2311,-2.0137,2.4905,-0.37262
3.2344,-1.9203,-4.6096,-0.55747
3.2377,0.532,-4.0869,-0.71795
3.2411,0.90804,5.0673,-0.84702
3.2444,-1.539,-1.9383,-0.93905
3.2477,-2.7652,-1.7103,-0.99002
3.2511,-1.1505,-1.0946,-0.99768
3.2544,1.0806,1.3551,-0.96172
3.2578,-0.13642,-5.618,-0.88369
3.2611,-2.4717,-2.6113,-0.76702
3.2644,-1.7319,-4.4425,-0.6168
3.2678,0.71934,-3.4255,-0.43961
3.2711,1.4955,4.5776,-0.24319
3.2744,-0.58083,3.2594,-0.036132
3.2778,-1.9532,-9.4458,0.1725
3.2811,0.12892,-3.7283,0.37359
3.2844,2.7301,4.1385,0.55834
3.2878,1.4582,-9.9564,0.71868
3.2911,-0.62318,0.8616,0.84758
3.2944,-0.30187,-0.13476,0.93941
3.2978,2.1582,4.0888,0.99016
3.3011,2.6997,7.7117,0.99761
3.3044,0.64547,3.8507,0.96143
3.3078,-1.0087,-3.684,0.8832
3.3111,0.57516,1.7883,0.76634
3.3144,2.6949,10.455,0.61597
3.3178,1.2626,3.3905,0.43866
3.3211,-1.3682,-9.9313,0.24217
3.3244,-1.4265,-3.1864,0.035086
3.3278,1.0105,-3.4508,-0.17353
3.3311,1.5579,10.337,-0.37456
3.3344,-1.0894,-1.6851,-0.55921
3.3378,-2.9579,0.95999,-0.7194
3.3411,-1.1937,0.86432,-0.84813
3.3444,0.96517,4.4343,-0.93977
3.3478,-0.1724,-0.63097,-0.99031
3.3511,-2.5026,-3.8284,-0.99754
3.3545,-2.2452,-2.0083,-0.96114
3.3578,0.35167,2.6586,-0.88271
3.3611,1.034,5.6951,-0.76567
3.3645,-1.2082,-0.95412,-0.61515
3.3678,-2.484,-0.62537,-0.43772
3.3711,-0.65457,6.3639,-0.24115
3.3745,1.7399,6.2952,-0.034039
3.3778,0.77812,-9.4113,0.17457
3.3811,-1.3825,-0.751,0.37553
3.3845,-0.81476,-4.8382,0.56008
3.3878,1.8101,12.842,0.72013
3.3911,2.7561,3.0169,0.84869
3.3945,0.40598,5.8074,0.94013
3.3978,-0.9673,3.8764,0.99046
3.4011,0.7443,-5.4029,0.99746
3.4045,3.0093,10.246,0.96085
3.4078,1.6955,1.9817,0.88221
3.4111,-1.0708,1.0361,0.765
3.4145,-0.67793,5.8984,0.61432
3.4178,1.6745,2.9231,0.43678
3.4211,2.0904,2.0508,0.24014
3.4245,-0.62802,3.0743,0.032992
3.4278,-2.3479,-3.62,-0.1756
3.4311,-0.51272,-3.585,-0.37651
3.4345,1.3453,8.3535,-0.56095
3.4378,0.18643,-1.8272,-0.72086
3.4411,-2.4399,1.1333,-0.84924
3.4445,-2.309,-0.48679,-0.94049
3.4478,0.27891,-4.4481,-0.9906
3.4512,0.8072,3.0964,-0.99739
3.4545,-1.545,-2.2226,-0.96056
3.4578,-2.7047,-6.1304,-0.88172
3.4612,-0.78645,-2.7004,-0.76432
3.4645,1.4841,-1.7445,-0.61349
3.4678,0.2985,1.331,-0.43584
3.4712,-2.0773,7.7239,-0.23912
3.4745,-1.4448,-2.1582,-0.031945
3.4778,1.2464,0.69705,0.17663
3.4812,2.1868,8.0664,0.37748
3.4845,-0.079427,-2.4307,0.56181
3.4878,-1.1194,-7.3356,0.72158
3.4912,0.81828,2.7739,0.8498
3.4945,2.9382,3.3347,0.94084
3.4978,1.7766,5.9411,0.99074
3.5012,-0.59795,5.7102,0.99731
3.5045,-0.40313,3.522,0.96027
3.5078,2.2267,6.8703,0.88123
3.5112,2.3324,3.8053,0.76365
3.5145,-0.14124,-0.77658,0.61267
3.5178,-1.5973,3.4531,0.43489
3.5212,0.099282,-1.8076,0.2381
3.5245,1.8939,-3.363,0.030898
3.5278,0.58753,3.6134,-0.17766
3.5312,-2.102,3.904,-0.37845
3.5345,-1.8225,-6.7124,-0.56268
3.5378,0.69999,4.018,-0.72231
3.5412,0.88032,0.79884,-0.85035
3.5445,-1.5112,0.82382,-0.9412
3.5478,-3.0026,-0.92926,-0.99088
3.5512,-1.11,-4.8113,-0.99724
3.5545,1.0852,4.2271,-0.95997
3.5579,-0.044725,0.16776,-0.88073
3.5612,-2.3265,-5.5398,-0.76297
3.5645,-2.0127,-3.6572,-0.61184
3.5679,0.8308,-2.6213,-0.43395
3.5712,1.3586,2.0498,-0.23709
3.5745,-0.82216,1.5878,-0.029851
3.5779,-1.7658,-0.46533,0.17869
3.5812,0.33749,4.7779,0.37941
3.5845,2.5943,5.9627,0.56355
3.5879,1.3226,-2.4463,0.72303
3.5912,-0.86652,5.0877,0.8509
3.5945,-0.4181,-0.17091,0.94155
3.5979,2.1967,2.6643,0.99102
3.6012,2.6785,0.8663,0.99716
3.6045,0.47831,1.1936,0.95968
3.6079,-1.0944,-0.17682,0.88023
3.6112,0.91681,1.4203,0.76229
3.6145,2.5173,13.546,0.61101
3.6179,1.1876,3.2137,0.43301
3.6212,-1.4092,-2.8301,0.23607
3.6245,-1.1756,1.7633,0.028804
3.6279,1.156,4.6747,-0.17972
3.6312,1.3807,5.5906,-0.38038
3.6345,-1.274,0.43704,-0.56441
3.6379,-2.7655,-3.9225,-0.72376
3.6412,-0.94603,-2.6162,-0.85145
3.6445,1.0172,-3.74,-0.9419
3.6479,-0.34263,-0.59641,-0.99116
3.6512,-2.7858,-8.2405,-0.99708
3.6546,-2.0911,-7.5733,-0.95939
3.6579,0.32784,3.86,-0.87974
3.6612,0.91881,-0.98672,-0.76161
3.6646,-1.1509,-3.4061,-0.61018
3.6679,-2.2684,-3.9291,-0.43206
3.6712,-0.14698,10.33,-0.23505
3.6746,1.9653,4.6475,-0.027756
3.6779,0.78764,-1.5714,0.18075
3.6812,-1.308,1.8121,0.38135
3.6846,-0.87833,-1.6357,0.56528
3.6879,1.9664,2.2166,0.72448
3.6912,2.7741,0.71201,0.852
3.6946,0.41252,1.7576,0.94225
3.6979,-0.88976,-3.3509,0.9913
3.7012,0.9252,5.3085,0.997
3.7046,3.0219,1.0827,0.95909
3.7079,1.3361,-0.34988,0.87924
3.7112,-0.98885,3.0243,0.76093
3.7146,-0.62475,1.2806,0.60935
3.7179,1.6548,2.3039,0.43112
3.7212,2.0897,4.6076,0.23403
3.7246,-0.64809,-2.1291,0.026709
3.7279,-2.238,-1.1104,-0.18178
3.7312,-0.4254,-1.5864,-0.38232
3.7346,1.5409,5.046,-0.56614
3.7379,-0.062467,1.4244,-0.7252
3.7412,-2.7609,1.2149,-0.85254
3.7446,-2.2094,-9.419,-0.9426
3.7479,0.34629,3.147,-0.99144
3.7513,0.82423,2.7236,-0.99692
3.7546,-1.7295,-5.7406,-0.95879
3.7579,-2.9552,-7.7686,-0.87874
3.7613,-0.85043,-0.34652,-0.76025
3.7646,1.311,-5.0929,-0.60852
3.7679,0.22799,-4.3171,-0.43017
3.7713,-1.8698,-1.5581,-0.23301
3.7746,-1.2622,2.0736,-0.025662
3.7779,1.4914,-8.0635,0.18281
3.7813,2.1248,-3.2858,0.38329
3.7846,-0.13277,-3.3852,0.567
3.7879,-1.3268,-1.6224,0.72592
3.7913,0.76584,4.5153,0.85309
3.7946,2.9698,3.7767,0.94295
3.7979,1.5714,4.1158,0.99158
3.8013,-0.76652,-3.4119,0.99683
3.8046,-0.2585,1.1162,0.95849
3.8079,2.1205,5.3639,0.87824
3.8113,2.3885,8.7465,0.75957
3.8146,-0.14042,3.5211,0.60769
3.8179,-1.6169,3.5293,0.42923
3.8213,0.20983,-2.6464,0.23199
3.8246,1.895,7.979,0.024615
3.8279,0.47884,-2.1114,-0.18384
3.8313,-1.8456,-8.4655,-0.38426
3.8346,-1.7328,3.0786,-0.56787
3.8379,0.63351,-4.8161,-0.72664
3.8413,0.78072,-3.8051,-0.85364
3.8446,-1.6185,-5.0905,-0.9433
3.8479,-2.9434,-5.0769,-0.99171
3.8513,-1.0583,-8.1617,-0.99675
3.8546,0.85741,-0.6609,-0.9582
3.858,-0.30195,7.1587,-0.87774
3.8613,-2.425,-7.0907,-0.75889
3.8646,-1.8698,-0.27231,-0.60686
3.868,0.77808,-1.5087,-0.42828
3.8713,1.4685,3.8856,-0.23097
3.8746,-0.90851,1.0679,-0.023568
3.878,-1.9873,-2.21,0.18487
3.8813,0.44519,1.0355,0.38522
3.8846,2.5574,0.0086203,0.56873
3.888,1.4639,1.155,0.72736
3.8913,-1.0004,-1.6426,0.85418
3.8946,-0.31607,3.8223,0.94365
3.898,2.1841,2.6984,0.99184
3.9013,2.7003,-2.3513,0.99666
3.9046,0.34668,0.86683,0.95789
3.908,-1.3333,1.4932,0.87723
3.9113,0.73288,-4.4291,0.75821
3.9146,2.4769,9.8389,0.60602
3.918,1.0161,-0.85319,0.42733
3.9213,-1.4256,-6.0517,0.22996
3.9246,-0.9906,3.0861,0.02252
3.928,1.1699,0.41684,-0.1859
3.9313,1.145,4.0948,-0.38619
3.9346,-1.1337,2.7648,-0.56959
3.938,-2.8066,0.7562,-0.72808
3.9413,-0.88599,1.7387,-0.85473
3.9446,1.2846,2.5565,-0.94399
3.948,-0.28753,1.7514,-0.99198
3.9513,-2.751,-9.6768,-0.99658
3.9547,-2.2584,3.0323,-0.95759
3.958,0.41735,-3.7366,-0.87673
3.9613,1.0669,5.6305,-0.75752
3.9647,-1.4934,4.2998,-0.60519
3.968,-2.4615,4.062,-0.42639
3.9713,-0.17229,1.3177,-0.22894
3.9747,1.9178,-0.91518,-0.021473
3.978,0.77344,1.4598,0.18693
3.9813,-1.4976,4.0502,0.38716
3.9847,-0.69654,-2.9935,0.57045
3.988,2.0939,-0.63973,0.7288
3.9913,2.6296,6.7743,0.85527
3.9947,0.44428,6.1617,0.94434
3.998,-0.93078,1.6762,0.99211
4.0013,1.0035,6.7196,0.99649
4.0047,2.7434,6.9923,0.95729
4.008,1.4736,-0.17851,0.87623
4.0113,-1.1281,1.7302,0.75684
4.0147,-0.54986,-3.0346,0.60435
4.018,1.7576,-1.5338,0.42544
4.0213,1.8387,-2.3701,0.22792
4.0247,-0.67875,-3.4069,0.020426
4.028,-2.0683,-11.323,-0.18796
4.0313,-0.32486,0.92515,-0.38812
4.0347,1.3868,-1.5539,-0.57131
4.038,-0.1636,1.5826,-0.72951
4.0413,-2.5643,0.4756,-0.85581
4.0447,-2.2187,1.1304,-0.94468
4.048,0.1314,1.8895,-0.99224
4.0514,0.59379,1.1597,-0.9964
4.0547,-1.6216,-4.2488,-0.95699
4.058,-2.7905,-7.0243,-0.87572
4.0614,-0.61034,7.4014,-0.75615
4.0647,1.5211,3.7744,-0.60352
4.068,0.14849,7.1594,-0.42449
4.0714,-2.0594,-1.7866,-0.2269
4.0747,-1.1257,-4.6328,-0.019378
4.078,1.5223,-2.9421,0.18899
4.0814,1.9632,5.4935,0.38909
4.0847,-0.19965,-0.35624,0.57217
4.088,-1.2845,-3.6131,0.73023
4.0914,0.9858,4.3047,0.85635
4.0947,3.1672,2.5424,0.94503
4.098,1.4769,6.9009,0.99237
4.1014,-0.85602,2.4466,0.99631
4.1047,-0.29887,-3.2043,0.95668
4.108,2.3613,5.4013,0.87521
4.1114,2.5064,-0.68738,0.75547
4.1147,-0.1606,-0.81212,0.60268
4.118,-1.4742,-0.13086,0.42354
4.1214,0.38625,-0.53549,0.22588
4.1247,2.0414,7.0764,0.018331
4.128,0.39353,1.4346,-0.19001
4.1314,-2.1499,-1.8157,-0.39005
4.1347,-1.7222,-4.3377,-0.57303
4.138,0.57052,-3.1187,-0.73094
4.1414,0.96555,-3.6483,-0.85689
4.1447,-1.7165,-4.4798,-0.94537
4.148,-3.11,-2.5891,-0.9925
4.1514,-0.82828,10.12,-0.99622
4.1547,1.1385,-0.74086,-0.95638
4.1581,-0.29896,1.7386,-0.87471
4.1614,-2.7273,-0.75767,-0.75478
4.1647,-1.9792,1.7715,-0.60185
4.1681,1.221,3.6209,-0.42259
4.1714,1.2913,0.69529,-0.22485
4.1747,-0.97092,4.0583,-0.017284
4.1781,-1.8859,-2.8044,0.19104
4.1814,0.57938,-1.0713,0.39102
4.1847,2.5907,1.5581,0.57389
4.1881,1.1886,1.7902,0.73166
4.1914,-0.96932,-1.8849,0.85743
4.1947,-0.16679,2.5996,0.94571
4.1981,2.3584,3.1161,0.99263
4.2014,2.6622,0.1776,0.99613
4.2047,0.053122,4.141,0.95607
4.2081,-1.0276,-2.5812,0.8742
4.2114,0.76604,-2.4466,0.75409
4.2147,2.6075,1.8192,0.60101
4.2181,0.95468,3.3662,0.42164
4.2214,-1.5224,1.2811,0.22383
4.2247,-1.0768,-7.9796,0.016236
4.2281,1.0677,0.80038,-0.19207
4.2314,1.2511,0.00087443,-0.39198
4.2347,-1.1838,0.022482,-0.57474
4.2381,-2.8133,-3.9884,-0.73237
4.2414,-0.70077,0.94555,-0.85797
4.2447,1.1772,0.25754,-0.94605
4.2481,-0.31341,-3.1379,-0.99275
4.2514,-2.8395,0.84677,-0.99604
4.2548,-2.204,-3.175,-0.95576
4.2581,0.66532,-6.0628,-0.87369
4.2614,0.92698,7.6149,-0.75341
4.2648,-1.3704,-6.437,-0.60017
4.2681,-2.3959,-6.2923,-0.42069
4.2714,0.015855,1.1866,-0.22281
4.2748,1.8031,5.3963,-0.015189
4.2781,0.57689,-1.4695,0.1931
4.2814,-1.3592,1.6804,0.39294
4.2848,-0.52896,-0.79602,0.5756
4.2881,2.0876,2.0685,0.73309
4.2914,2.2549,-4.7159,0.85851
4.2948,0.29307,-7.5538,0.94639
4.2981,-0.89037,-0.95681,0.99288
4.3014,1.2874,0.48941,0.99594
4.3048,3.0037,-3.1634,0.95546
4.3081,1.3553,1.3057,0.87318
4.3114,-1.1047,-0.46734,0.75272
4.3148,-0.46378,3.8534,0.59933
4.3181,1.8695,-4.1763,0.41974
4.3214,1.7779,3.6375,0.22179
4.3248,-0.87315,2.9807,0.014141
4.3281,-2.3395,2.4627,-0.19413
4.3314,-0.26689,3.7723,-0.39391
4.3348,1.4497,3.8034,-0.57646
4.3381,-0.17594,-8.13,-0.7338
4.3414,-2.5991,-7.4622,-0.85905
4.3448,-2.1582,4.8034,-0.94673
4.3481,0.37235,0.44261,-0.993
4.3515,0.56757,-0.90918,-0.99585
4.3548,-1.6973,4.8675,-0.95515
4.3581,-2.8286,-9.2839,-0.87267
4.3615,-0.46367,-0.70882,-0.75203
4.3648,1.2692,-1.1877,-0.5985
4.3681,0.1197,2.9605,-0.41879
4.3715,-1.9987,-7.5274,-0.22077
4.3748,-1.1415,5.0785,-0.013094
4.3781,1.7492,7.8698,0.19515
4.3815,2.0378,-1.1712,0.39487
4.3848,-0.065338,6.9571,0.57731
4.3881,-1.2583,-1.6315,0.73451
4.3915,1.0929,2.105,0.85958
4.3948,2.8924,1.2923,0.94706
4.3981,1.4542,6.3187,0.99313
4.4015,-0.80309,-0.047952,0.99575
4.4048,-0.16995,7.2103,0.95483
4.4081,2.1686,-4.075,0.87216
4.4115,2.481,10.087,0.75134
4.4148,-0.26884,-4.726,0.59766
4.4181,-1.4821,-2.4621,0.41784
4.4215,0.35115,1.2432,0.21975
4.4248,1.8221,-2.5775,0.012046
4.4281,0.23723,2.5433,-0.19618
4.4315,-2.2346,-11.228,-0.39583
4.4348,-1.6845,0.6489,-0.57817
4.4381,0.5752,5.2283,-0.73522
4.4415,0.70571,-3.1665,-0.86012
4.4448,-1.7336,-4.6827,-0.9474
4.4481,-2.9702,-4.7325,-0.99325
4.4515,-0.84415,-4.3474,-0.99566
4.4548,1.0887,-2.9049,-0.95452
4.4582,-0.27906,-1.2724,-0.87164
4.4615,-2.4996,-1.1434,-0.75064
4.4648,-1.6669,-2.7895,-0.59682
4.4682,0.95466,3.9041,-0.41689
4.4715,1.3021,2.2816,-0.21873
4.4748,-0.75422,4.8853,-0.010999
4.4782,-1.7652,2.1276,0.19721
4.4815,0.52527,-1.826,0.39679
4.4848,2.5553,2.9381,0.57902
4.4882,1.2496,2.3293,0.73593
4.4915,-0.95154,-5.9521,0.86065
4.4948,-0.26484,7.2209,0.94773
4.4982,2.3807,-0.2259,0.99337
4.5015,2.6888,7.0264,0.99556
4.5048,0.13554,-3.9418,0.95421
4.5082,-0.98452,-4.4051,0.87113
4.5115,0.86734,1.6234,0.74995
4.5148,2.6643,-2.4272,0.59598
4.5182,0.72842,4.6305,0.41593
4.5215,-1.5386,0.19267,0.2177
4.5248,-0.99928,1.2811,0.0099515
4.5282,1.0858,-7.8516,-0.19824
4.5315,1.1672,0.091635,-0.39775
4.5348,-1.554,-4.2985,-0.57988
4.5382,-2.6569,-2.8261,-0.73664
4.5415,-0.51759,-0.52154,-0.86118
4.5448,0.97366,0.29979,-0.94807
4.5482,-0.37752,-0.51092,-0.99349
4.5515,-2.8203,-1.3706,-0.99546
4.5549,-2.1756,1.0407,-0.9539
4.5582,0.63009,4.2162,-0.87061
4.5615,0.9267,7.8113,-0.74926
4.5649,-1.4776,-4.3804,-0.59513
4.5682,-2.4419,1.4627,-0.41498
4.5715,0.10699,4.3211,-0.21668
4.5749,1.9927,1.829,-0.008904
4.5782,0.57607,-3.4337,0.19926
4.5815,-1.4294,-2.0692,0.39871
4.5849,-0.56626,-9.4859,0.58073
4.5882,2.3517,2.3341,0.73735
4.5915,2.4662,7.3945,0.86172
4.5949,-0.19723,2.1131,0.9484
4.5982,-0.95272,2.508,0.99361
4.6015,0.96857,-0.92835,0.99536
4.6049,3.0222,-3.4452,0.95358
4.6082,1.279,-0.97581,0.8701
4.6115,-1.2439,3.1319,0.74856
4.6149,-0.51281,1.9587,0.59429
4.6182,1.8369,3.9502,0.41403
4.6215,1.9162,-0.098894,0.21566
4.6249,-1.1862,3.9453,0.0078565
4.6282,-2.1605,0.70816,-0.20029
4.6315,-0.13341,-1.5098,-0.39967
4.6349,1.3166,2.1822,-0.58158
4.6382,-0.36848,0.64724,-0.73805
4.6415,-2.6566,1.6793,-0.86225
4.6449,-2.1342,-6.672,-0.94873
4.6482,0.33358,-3.7138,-0.99372
4.6516,0.56835,0.90428,-0.99526
4.6549,-2.0275,-5.0789,-0.95327
4.6582,-2.6873,-6.7487,-0.86958
4.6616,-0.46498,-1.9975,-0.74787
4.6649,1.2981,2.2575,-0.59345
4.6682,0.1173,5.3023,-0.41307
4.6716,-1.8699,-2.7773,-0.21464
4.6749,-1.0623,-2.8362,-0.006809
4.6782,1.727,3.824,0.20132
4.6816,1.9555,2.2312,0.40063
4.6849,-0.31924,2.0051,0.58243
4.6882,-1.0645,2.7875,0.73876
4.6916,1.0911,-3.2704,0.86278
4.6949,2.8814,9.9037,0.94906
4.6982,1.3654,-0.8724,0.99384
4.7016,-0.87268,-0.69926,0.99516
4.7049,-0.14204,-1.9093,0.95295
4.7082,2.3487,1.3635,0.86906
4.7116,2.4263,0.53776,0.74717
4.7149,-0.21375,0.95125,0.59261
4.7182,-1.5055,-1.1101,0.41212
4.7216,0.48213,2.5958,0.21361
4.7249,1.923,7.148,0.0057615
4.7282,0.12293,2.4706,-0.20234
4.7316,-2.1703,2.0989,-0.40159
4.7349,-1.805,-1.9865,-0.58328
4.7382,0.78301,6.4971,-0.73947
4.7416,0.714,6.2828,-0.86331
4.7449,-1.8265,4.0045,-0.94939
4.7482,-2.8369,-2.9189,-0.99396
4.7516,-0.73384,-5.586,-0.99505
4.7549,1.0094,4.4047,-0.95263
4.7583,-0.31582,-1.5205,-0.86855
4.7616,-2.6452,3.7827,-0.74648
4.7649,-1.5982,-2.957,-0.59176
4.7683,1.1092,11.347,-0.41117
4.7716,1.2973,-1.5689,-0.21259
4.7749,-0.97431,-2.7213,-0.0047139
4.7783,-1.7017,6.8762,0.20337
4.7816,0.63952,-1.1851,0.40255
4.7849,2.6502,2.4522,0.58414
4.7883,1.2744,7.0135,0.74017
4.7916,-0.90905,-6.2496,0.86383
4.7949,-0.071075,-6.6129,0.94972
4.7983,2.3978,5.551,0.99407
4.8016,2.5039,-0.58296,0.99495
4.8049,0.017749,-2.0808,0.95231
4.8083,-0.99769,-8.8968,0.86803
4.8116,1.0643,4.2926,0.74578
4.8149,2.5989,-3.3403,0.59092
4.8183,0.81643,6.6385,0.41021
4.8216,-1.7893,-6.892,0.21156
4.8249,-1.1999,4.9527,0.0036664
4.8283,1.3896,4.5594,-0.20439
4.8316,1.0611,8.711,-0.40351
4.8349,-1.525,-1.6269,-0.58499
4.8383,-2.5954,-2.2452,-0.74087
4.8416,-0.88091,-3.2979,-0.86436
4.8449,1.0321,2.2248,-0.95005
4.8483,-0.49953,-4.5165,-0.99418
4.8516,-2.9446,-5.8405,-0.99484
4.855,-1.9129,-2.2133,-0.95199
4.8583,0.55171,-4.3546,-0.86751
4.8616,0.74774,4.254,-0.74508
4.865,-1.5039,-12.143,-0.59007
4.8683,-2.4088,2.4562,-0.40926
4.8716,-0.2358,-6.7871,-0.21054
4.875,1.9246,3.3471,-0.0026189
4.8783,0.58488,-2.2136,0.20542
4.8816,-1.4758,-3.545,0.40447
4.885,-0.55434,-7.4339,0.58583
4.8883,2.4419,1.9723,0.74158
4.8916,2.345,-4.5004,0.86489
4.895,-0.042796,-3.0717,0.95037
4.8983,-0.85851,-3.3267,0.9943
4.9016,1.1083,4.3652,0.99474
4.905,2.8788,-0.68524,0.95167
4.9083,1.248,5.1783,0.86698
4.9116,-1.097,-3.652,0.74438
4.915,-0.4713,2.7367,0.58923
4.9183,1.8967,7.9185,0.4083
4.9216,1.6627,-2.9641,0.20952
4.925,-1.1333,-6.6454,0.0015713
4.9283,-2.1506,-2.6258,-0.20644
4.9316,-0.048813,1.65,-0.40543
4.935,1.2542,2.5186,-0.58668
4.9383,-0.44263,-5.3518,-0.74228
4.9416,-2.8005,-1.3604,-0.86541
4.945,-1.8684,-1.7912,-0.9507
4.9483,0.55892,2.5888,-0.99441
4.9517,0.54098,-4.9405,-0.99463
4.955,-1.8101,-3.7343,-0.95135
4.9583,-2.9044,0.38807,-0.86646
4.9617,-0.48944,-0.37507,-0.74368
4.965,1.4886,0.14704,-0.58838
4.9683,0.069511,-1.4471,-0.40734
4.9717,-2.0827,1.7205,-0.20849
4.975,-1.0872,-3.1983,-0.00052377
4.9783,1.8538,1.3441,0.20747
4.9817,2.0375,6.8633,0.40639
4.985,-0.35907,0.70481,0.58753
4.9883,-1.2505,-6.4658,0.74298
4.9917,1.1951,-1.2199,0.86594
4.995,2.7878,2.7474,0.95102
4.9983,1.2828,0.58906,0.99452
5.0017,-0.76311,-0.064654,0.99452
5.005,-0.1625,-5.7931,0.95102
5.0083,2.5651,9.7585,0.86594
5.0117,2.2146,3.2297,0.74298
5.015,-0.38022,1.6678,0.58753
5.0183,-1.475,-6.4386,0.40639
5.0217,0.70097,-4.8529,0.20747
5.025,1.9157,7.7359,-0.00052377
5.0283,0.16092,5.0742,-0.20849
5.0317,-2.1801,2.2019,-0.40734
5.035,-1.545,-3.3511,-0.58838
5.0383,0.78781,-1.469,-0.74368
5.0417,0.70027,3.916,-0.86646
5.045,-1.9039,-5.2604,-0.95135
5.0483,-3.0161,-8.858,-0.99463
5.0517,-0.64445,-6.304,-0.99441
5.055,0.83335,7.2283,-0.9507
5.0584,-0.52606,-7.0005,-0.86541
5.0617,-2.491,-3.4145,-0.74228
5.065,-1.6421,-5.8627,-0.58668
5.0684,1.1717,3.0514,-0.40543
5.0717,1.4671,-5.1338,-0.20644
5.075,-0.93449,-6.1621,0.0015713
5.0784,-1.7131,-5.8409,0.20952
5.0817,0.73164,3.9772,0.4083
5.085,2.4507,-0.92505,0.58923
5.0884,1.1953,0.129,0.74438
5.0917,-1.0169,0.52535,0.86698
5.095,-0.10841,0.97984,0.95167
5.0984,2.6157,-0.51856,0.99474
5.1017,2.4606,3.6279,0.9943
5.105,0.035456,0.28091,0.95037
5.1084,-1.1442,1.3586,0.86489
5.1117,1.1509,-0.65836,0.74158
5.115,2.6044,1.98,0.58583
5.1184,0.54324,4.0725,0.40447
5.1217,-1.7743,-4.924,0.20542
5.125,-0.87885,-3.3727,-0.0026189
5.1284,1.2055,-2.1821,-0.21054
5.1317,0.96435,-0.91836,-0.40926
5.135,-1.5784,-4.101,-0.59007
5.1384,-2.6806,-2.3303,-0.74508
5.1417,-0.39154,-5.9512,-0.86751
5.145,1.3009,6.3877,-0.95199
5.1484,-0.65272,-7.1087,-0.99484
5.1517,-2.9371,-2.2175,-0.99418
5.1551,-1.8993,-2.7878,-0.95005
5.1584,0.91787,-1.0403,-0.86436
5.1617,0.56302,-0.3187,-0.74087
5.1651,-1.6523,-3.9546,-0.58499
5.1684,-2.2342,-5.509,-0.40351
5.1717,0.20072,0.14968,-0.20439
5.1751,1.6906,0.82579,0.0036664
5.1784,0.4338,8.1447,0.21156
5.1817,-1.5707,-3.5121,0.41021
5.1851,-0.34563,-2.6036,0.59092
5.1884,2.4376,2.7269,0.74578
5.1917,2.4146,3.3791,0.86803
5.1951,-0.027286,4.1794,0.95231
5.1984,-0.99529,0.37715,0.99495
5.2017,1.4835,0.9117,0.99407
5.2051,2.8828,-3.2922,0.94972
5.2084,1.1581,-0.85079,0.86383
5.2117,-1.1318,-3.5676,0.74017
5.2151,-0.55643,-1.8454,0.58414
5.2184,2.1737,4.9472,0.40255
5.2217,1.7271,-7.9034,0.20337
5.2251,-1.1057,1.2021,-0.0047139
5.2284,-2.0929,-2.4617,-0.21259
5.2317,-0.0022159,-3.3816,-0.41117
5.2351,1.4237,-0.80251,-0.59176
5.2384,-0.48657,2.0598,-0.74648
5.2417,-2.7303,-0.68748,-0.86855
5.2451,-1.8975,-2.5517,-0.95263
5.2484,0.59169,11.034,-0.99505
5.2518,0.52883,-4.3205,-0.99396
5.2551,-1.959,1.122,-0.94939
5.2584,-2.6486,-7.1816,-0.86331
5.2618,-0.25509,0.54945,-0.73947
5.2651,1.5317,3.3096,-0.58328
5.2684,-0.13295,-3.0872,-0.40159
5.2718,-2.0638,0.01845,-0.20234
5.2751,-1.0629,4.6764,0.0057615
5.2784,1.8375,0.076627,0.21361
5.2818,1.8725,-4.7166,0.41212
5.2851,-0.41417,-3.0461,0.59261
5.2884,-1.1637,7.2203,0.74717
5.2918,1.3431,4.7124,0.86906
5.2951,2.993,-9.6061,0.95295
5.2984,1.3342,0.70809,0.99516
5.3018,-0.66176,1.0579,0.99384
5.3051,-0.0008634,4.4058,0.94906
5.3084,2.6528,-0.49525,0.86278
5.3118,2.208,-4.1701,0.73876
5.3151,-0.4356,1.6332,0.58243
5.3184,-1.3697,-2.9083,0.40063
5.3218,0.72914,-1.1376,0.20132
5.3251,1.8273,6.2611,-0.006809
5.3284,-0.020839,5.3147,-0.21464
5.3318,-2.3694,-5.2752,-0.41307
5.3351,-1.5597,-10.64,-0.59345
5.3384,0.87603,-6.0867,-0.74787
5.3418,0.51016,0.30732,-0.86958
5.3451,-2.0397,-1.5808,-0.95327
5.3484,-2.7599,-3.4451,-0.99526
5.3518,-0.62743,-3.8098,-0.99372
5.3551,1.0287,9.1879,-0.94873
5.3585,-0.52396,-2.1302,-0.86225
5.3618,-2.4699,-9.4335,-0.73805
5.3651,-1.5281,-4.1343,-0.58158
5.3685,1.2832,-2.2758,-0.39967
5.3718,1.3692,-1.6445,-0.20029
5.3751,-1.0917,1.3831,0.0078565
5.3785,-1.6678,0.34765,0.21566
5.3818,0.90681,-7.8098,0.41403
5.3851,2.5671,6.7554,0.59429
5.3885,0.99863,-1.8935,0.74856
5.3918,-1.1294,-5.2934,0.8701
5.3951,-0.017304,2.0087,0.95358
5.3985,2.5849,-2.0081,0.99536
5.4018,2.3791,6.7149,0.99361
5.4051,-0.063333,0.25167,0.9484
5.4085,-0.97689,-5.9313,0.86172
5.4118,1.229,5.3567,0.73735
5.4151,2.3618,-4.962,0.58073
5.4185,0.4881,4.5998,0.39871
5.4218,-1.6776,-6.5905,0.19926
5.4251,-0.80377,2.6679,-0.008904
5.4285,1.3332,3.8572,-0.21668
5.4318,1.0816,3.462,-0.41498
5.4351,-1.8266,-3.0148,-0.59513
5.4385,-2.5524,-0.72109,-0.74926
5.4418,-0.17678,0.054989,-0.87061
5.4451,1.084,6.1763,-0.9539
5.4485,-0.66393,-0.69452,-0.99546
5.4518,-3.0788,-7.4349,-0.99349
5.4552,-1.8135,1.2474,-0.94807
5.4585,0.84062,-1.0548,-0.86118
5.4618,0.80052,3.188,-0.73664
5.4652,-1.5161,4.2775,-0.57988
5.4685,-2.5148,0.0061466,-0.39775
5.4718,0.41913,3.4298,-0.19824
5.4752,2.0077,0.028292,0.0099515
5.4785,0.33793,2.4879,0.2177
5.4818,-1.5355,-1.6108,0.41593
5.4852,-0.23023,-4.3465,0.59598
5.4885,2.353,4.7024,0.74995
5.4918,2.3423,-2.3736,0.87113
5.4952,-0.1138,0.34128,0.95421
5.4985,-0.88463,4.0089,0.99556
5.5018,1.6963,0.98648,0.99337
5.5052,2.7177,2.5717,0.94773
5.5085,1.151,-4.303,0.86065
5.5118,-1.1032,0.99134,0.73593
5.5152,-0.32882,-1.5601,0.57902
5.5185,2.0612,1.7105,0.39679
5.5218,1.6897,3.2984,0.19721
5.5252,-1.0678,-0.68357,-0.010999
5.5285,-2.2519,1.9547,-0.21873
5.5318,0.11465,-0.34413,-0.41689
5.5352,1.4157,-2.2168,-0.59682
5.5385,-0.50278,-6.5027,-0.75064
5.5418,-2.8323,-7.9229,-0.87164
5.5452,-1.7852,-3.4563,-0.95452
5.5485,0.59343,1.2658,-0.99566
5.5519,0.39328,-0.89415,-0.99325
5.5552,-2.082,-9.6655,-0.9474
5.5585,-2.6619,-9.7157,-0.86012
5.5619,-0.20058,2.583,-0.73522
5.5652,1.0927,0.90994,-0.57817
5.5685,-0.37796,-4.3726,-0.39583
5.5719,-2.0653,-2.5449,-0.19618
5.5752,-0.70359,8.0494,0.012046
5.5785,1.9189,-2.2339,0.21975
5.5819,1.9186,5.5113,0.41784
5.5852,-0.50613,1.7525,0.59766
5.5885,-0.81115,1.7579,0.75134
5.5919,1.2992,6.7647,0.87216
5.5952,2.9683,4.3287,0.95483
5.5985,1.1754,3.8338,0.99575
5.6019,-1.0245,-2.9275,0.99313
5.6052,-0.05898,6.0579,0.94706
5.6085,2.5004,6.9358,0.85958
5.6119,2.0586,4.298,0.73451
5.6152,-0.61799,-3.8442,0.57731
5.6185,-1.341,2.7298,0.39487
5.6219,0.47325,1.4126,0.19515
5.6252,2.1383,6.615,-0.013094
5.6285,0.036882,-1.6967,-0.22077
5.6319,-2.1954,2.536,-0.41879
5.6352,-1.5278,-4.8143,-0.5985
5.6385,0.89507,0.56908,-0.75203
5.6419,0.5125,-2.2536,-0.87267
5.6452,-2.0233,4.5275,-0.95515
5.6485,-2.8582,-2.7386,-0.99585
5.6519,-0.35857,1.6386,-0.993
5.6552,1.0421,7.2037,-0.94673
5.6586,-0.78553,-2.62,-0.85905
5.6619,-2.6583,2.2474,-0.7338
5.6652,-1.2646,-1.3842,-0.57646
5.6686,1.3371,-0.39391,-0.39391
5.6719,1.2572,3.1355,-0.19413
5.6752,-1.2942,0.6516,0.014141
5.6786,-1.5242,5.3175,0.22179
5.6819,0.99197,9.097,0.41974
5.6852,2.6664,4.851,0.59933
5.6886,0.90997,3.0979,0.75272
5.6919,-0.98561,-4.1529,0.87318
5.6952,0.2165,-7.2127,0.95546
5.6986,2.7818,10.236,0.99594
5.7019,2.2431,-0.27168,0.99288
5.7052,-0.34315,2.5053,0.94639
5.7086,-0.91599,6.8944,0.85851
5.7119,1.32,0.036339,0.73309
5.7152,2.5824,-0.43735,0.5756
5.7186,0.42286,3.1362,0.39294
5.7219,-1.734,-0.5534,0.1931
5.7252,-0.93168,2.6014,-0.015189
5.7286,1.4947,-0.2184,-0.22281
5.7319,0.99953,5.0121,-0.42069
5.7352,-1.7226,-1.323,-0.60017
5.7386,-2.359,-11.956,-0.75341
5.7419,-0.40429,5.5522,-0.87369
5.7452,0.94391,0.90474,-0.95576
5.7486,-0.98031,-1.7956,-0.99604
5.7519,-2.9423,-3.6593,-0.99275
5.7553,-1.7187,-8.4871,-0.94605
5.7586,0.75232,5.9296,-0.85797
5.7619,0.67753,1.2567,-0.73237
5.7653,-1.6668,3.7219,-0.57474
5.7686,-2.1883,-2.4254,-0.39198
5.7719,0.43826,0.075402,-0.19207
5.7753,1.871,-5.2201,0.016236
5.7786,0.26043,-0.95142,0.22383
5.7819,-1.5243,-1.8631,0.42164
5.7853,-0.23892,0.94226,0.60101
5.7886,2.474,4.3827,0.75409
5.7919,2.1917,-0.716,0.8742
5.7953,-0.23434,0.95849,0.95607
5.7986,-0.80319,0.438,0.99613
5.8019,1.4356,5.4876,0.99263
5.8053,2.9936,-3.3275,0.94571
5.8086,0.99461,3.8573,0.85743
5.8119,-1.3746,-1.2555,0.73166
5.8153,-0.21184,-2.8087,0.57389
5.8186,2.0818,-4.9709,0.39102
5.8219,1.6523,5.7381,0.19104
5.8253,-1.1076,-1.0512,-0.017284
5.8286,-2.1034,-9.3217,-0.22485
5.8319,0.23645,0.76024,-0.42259
5.8353,1.1918,-1.7534,-0.60185
5.8386,-0.59029,-7.4163,-0.75478
5.8419,-2.9484,-5.1386,-0.87471
5.8453,-1.7819,-2.9952,-0.95638
5.8486,0.60826,4.9027,-0.99622
5.852,0.3246,-1.7172,-0.9925
5.8553,-2.3109,-8.3775,-0.94537
5.8586,-2.545,2.7548,-0.85689
5.862,-0.096813,-3.2645,-0.73094
5.8653,1.3005,2.7689,-0.57303
5.8686,-0.18987,1.0403,-0.39005
5.872,-2.1136,-10.662,-0.19001
5.8753,-0.89471,-0.74232,0.018331
5.8786,1.9967,-8.3381,0.22588
5.882,1.6715,-5.0614,0.42354
5.8853,-0.38179,-1.6056,0.60268
5.8886,-1.1703,-6.283,0.75547
5.892,1.3858,6.8108,0.87521
5.8953,2.8636,3.5332,0.95668
5.8986,1.0844,4.1726,0.99631
5.902,-0.88894,-0.33736,0.99237
5.9053,0.14086,-0.63905,0.94503
5.9086,2.3904,2.408,0.85635
5.912,2.0768,2.3578,0.73023
5.9153,-0.56971,2.3463,0.57217
5.9186,-1.5617,-1.6275,0.38909
5.922,0.72693,-0.023639,0.18899
5.9253,1.9624,2.7944,-0.019378
5.9286,-0.21997,-3.6656,-0.2269
5.932,-2.3883,-3.3106,-0.42449
5.9353,-1.4421,2.6698,-0.60352
5.9386,0.95559,-3.814,-0.75615
5.942,0.35562,-5.2564,-0.87572
5.9453,-2.2388,-4.2857,-0.95699
5.9486,-2.8525,-9.1549,-0.9964
5.952,-0.33827,-2.5186,-0.99224
5.9553,1.1975,3.9978,-0.94468
5.9587,-0.66912,2.5886,-0.85581
5.962,-2.5419,-0.93798,-0.72951
5.9653,-1.377,-3.8811,-0.57131
5.9687,1.3936,5.1858,-0.38812
5.972,1.076,7.4761,-0.18796
5.9753,-1.2846,-6.1737,0.020426
5.9787,-1.4327,-5.3074,0.22792
5.982,1.2488,-6.6692,0.42544
5.9853,2.6255,5.3463,0.60435
5.9887,0.80755,0.69594,0.75684
5.992,-0.89494,-2.3668,0.87623
5.9953,0.23856,4.1929,0.95729
5.9987,2.7035,4.5776,0.99649
6.002,2.3223,1.275,0.99211
6.0053,-0.32595,-3.5088,0.94434
6.0087,-1.0345,-0.82537,0.85527
6.012,1.424,3.9662,0.7288
6.0153,2.5973,-1.7413,0.57045
6.0187,0.37074,4.963,0.38716
6.022,-1.8212,4.0058,0.18693
6.0253,-0.65982,-2.9099,-0.021473
6.0287,1.3882,-5.3501,-0.22894
6.032,0.84792,0.049368,-0.42639
6.0353,-1.9064,0.57959,-0.60519
6.0387,-2.5002,0.048038,-0.75752
6.042,-0.30833,-4.8255,-0.87673
6.0453,0.98812,9.4183,-0.95759
6.0487,-0.93391,7.138,-0.99658
6.052,-2.9272,-3.4617,-0.99198
6.0554,-1.7465,-0.74493,-0.94399
6.0587,0.89061,9.0594,-0.85473
6.062,0.48597,-1.6962,-0.72808
6.0654,-1.7913,1.4461,-0.56959
6.0687,-2.2243,-0.088846,-0.38619
6.072,0.49734,-3.8433,-0.1859
6.0754,1.9053,6.3815,0.02252
6.0787,0.20371,1.7283,0.22996
6.082,-1.5159,-4.4024,0.42733
6.0854,-0.31121,0.42359,0.60602
6.0887,2.474,4.325,0.75821
6.092,2.2157,-3.7144,0.87723
6.0954,-0.23833,0.31309,0.95789
6.0987,-0.81164,-1.8487,0.99666
6.102,1.7635,-0.19291,0.99184
6.1054,2.8208,1.5541,0.94365
6.1087,0.87585,-3.118,0.85418
6.112,-1.3992,-5.942,0.72736
6.1154,-0.054646,6.2356,0.56873
6.1187,2.0807,8.2815,0.38522
6.122,1.4165,0.61103,0.18487
6.1254,-1.2704,2.3176,-0.023568
6.1287,-1.9559,-2.3456,-0.23097
6.132,0.37522,-7.5822,-0.42828
6.1354,1.3857,0.3805,-0.60686
6.1387,-0.74276,-1.3874,-0.75889
6.142,-2.8109,-2.0544,-0.87774
6.1454,-1.6339,-0.83233,-0.9582
6.1487,0.59939,-3.2736,-0.99675
6.1521,-0.042829,-1.3092,-0.99171
6.1554,-2.1674,4.1188,-0.9433
6.1587,-2.5151,-4.0622,-0.85364
6.1621,0.044986,-3.6195,-0.72664
6.1654,1.6007,7.4094,-0.56787
6.1687,-0.49049,-0.70925,-0.38426
6.1721,-2.089,-7.9239,-0.18384
6.1754,-0.71319,1.4327,0.024615
6.1787,1.8546,-2.3737,0.23199
6.1821,1.4952,1.9756,0.42923
6.1854,-0.71005,0.12191,0.60769
6.1887,-0.9747,2.5195,0.75957
6.1921,1.5406,4.0088,0.87824
6.1954,2.716,2.5803,0.95849
6.1987,1.0199,-3.7293,0.99683
6.2021,-1.1722,-1.1099,0.99158
6.2054,0.48749,-4.3506,0.94295
6.2087,2.5424,1.9816,0.85309
6.2121,2.0404,5.4896,0.72592
6.2154,-0.86715,-6.384,0.567
6.2187,-1.3699,3.5095,0.38329
6.2221,0.79661,-0.077475,0.18281
6.2254,2.0148,3.8368,-0.025662
6.2287,-0.16081,0.024982,-0.23301
6.2321,-2.4016,-3.2309,-0.43017
6.2354,-1.4323,-8.7134,-0.60852
6.2387,0.9668,3.3879,-0.76025
6.2421,0.57814,1.3342,-0.87874
6.2454,-2.266,1.6034,-0.95879
6.2487,-2.7475,-0.95982,-0.99692
6.2521,-0.22637,5.9253,-0.99144
6.2554,1.0973,-1.5422,-0.9426
6.2588,-0.88387,0.97221,-0.85254
6.2621,-2.6173,-9.3039,-0.7252
6.2654,-1.161,1.7214,-0.56614
6.2688,1.1844,-0.13044,-0.38232
6.2721,1.0027,6.2481,-0.18178
6.2754,-1.3517,0.15434,0.026709
6.2788,-1.4644,0.8662,0.23403
6.2821,1.1724,1.6258,0.43112
6.2854,2.548,1.5669,0.60935
6.2888,0.77135,-2.4027,0.76093
6.2921,-1.049,-6.1468,0.87924
6.2954,0.46457,5.4282,0.95909
6.2988,2.6885,-1.9036,0.997
6.3021,2.3644,3.8824,0.9913
6.3054,-0.16688,7.0626,0.94225
6.3088,-0.76908,1.083,0.852
6.3121,1.3974,6.9186,0.72448
6.3154,2.6574,-1.7348,0.56528
6.3188,0.53665,0.35802,0.38135
6.3221,-1.8348,3.1082,0.18075
6.3254,-0.82223,-4.2296,-0.027756
6.3288,1.5324,1.849,-0.23505
6.3321,0.74685,-0.4815,-0.43206
6.3354,-1.896,1.6652,-0.61018
6.3388,-2.5597,-4.3452,-0.76161
6.3421,-0.12177,6.9306,-0.87974
6.3454,0.89952,6.7873,-0.95939
6.3488,-0.97173,-4.6514,-0.99708
6.3521,-2.9722,-2.0115,-0.99116
6.3555,-1.6482,-7.5236,-0.9419
6.3588,1.0971,-3.3584,-0.85145
6.3621,0.5554,0.57471,-0.72376
6.3655,-1.8712,-0.73818,-0.56441
6.3688,-2.1107,2.6325,-0.38038
6.3721,0.44392,-3.5841,-0.17972
6.3755,2.1027,2.8894,0.028804
6.3788,0.13921,-4.8125,0.23607
6.3821,-1.5379,6.6963,0.43301
6.3855,-0.096507,-0.25662,0.61101
6.3888,2.6284,3.5364,0.76229
6.3921,2.2216,1.3074,0.88023
6.3955,-0.39099,-4.8615,0.95968
6.3988,-0.81144,3.6563,0.99716
6.4021,1.6469,-0.084667,0.99102
6.4055,2.987,-0.48,0.94155
6.4088,0.74428,-1.714,0.8509
6.4121,-1.3035,-1.5174,0.72303
6.4155,0.038738,4.516,0.56355
6.4188,2.1721,7.993,0.37941
6.4221,1.5239,2.2714,0.17869
6.4255,-1.3792,0.57909,-0.029851
6.4288,-1.81,-0.66372,-0.23709
6.4321,0.11382,2.5082,-0.43395
6.4355,1.3006,-0.73247,-0.61184
6.4388,-0.76598,-2.3524,-0.76297
6.4421,-2.7975,-6.2913,-0.88073
6.4455,-1.5871,-4.1374,-0.95997
6.4488,0.70573,0.95181,-0.99724
6.4522,0.30535,2.1272,-0.99088
6.4555,-2.2096,3.8914,-0.9412
6.4588,-2.737,-0.98765,-0.85035
6.4622,0.036599,2.7198,-0.72231
6.4655,1.2473,5.9001,-0.56268
6.4688,-0.38817,-5.1216,-0.37845
6.4722,-2.2848,-1.1745,-0.17766
6.4755,-0.64306,9.8161,0.030898
6.4788,2.0941,1.7611,0.2381
6.4822,1.8118,-3.987,0.43489
6.4855,-0.80084,-2.1695,0.61267
6.4888,-0.99143,-1.8006,0.76365
6.4922,1.5714,7.5552,0.88123
6.4955,3.0007,3.5308,0.96027
6.4988,1.1086,4.3029,0.99731
6.5022,-0.9354,-7.1441,0.99074
6.5055,0.34501,7.1158,0.94084
6.5088,2.5894,-0.43571,0.8498
6.5122,1.8987,0.45011,0.72158
6.5155,-0.73116,3.6212,0.56181
6.5188,-1.1146,0.46672,0.37748
6.5222,0.81746,4.6969,0.17663
6.5255,1.9369,-2.002,-0.031945
6.5288,-0.35165,-0.83632,-0.23912
6.5322,-2.5807,5.3696,-0.43584
6.5355,-1.2393,-3.2834,-0.61349
6.5388,0.88056,5.6224,-0.76432
6.5422,0.41738,-5.5116,-0.88172
6.5455,-2.2125,-1.8444,-0.96056
6.5488,-2.5919,-1.605,-0.99739
6.5522,-0.325,-0.81638,-0.9906
6.5555,1.0004,5.5781,-0.94049
6.5589,-0.94631,6.6661,-0.84924
6.5622,-2.6973,-1.1251,-0.72086
6.5655,-1.1489,-3.1906,-0.56095
6.5689,1.4559,3.3828,-0.37651
6.5722,0.94456,-6.1164,-0.1756
6.5755,-1.3582,4.3369,0.032992
6.5789,-1.4853,-2.2613,0.24014
6.5822,1.2184,-5.5182,0.43678
6.5855,2.3621,3.5798,0.61432
6.5889,0.77147,-6.4967,0.765
6.5922,-1.0103,2.8304,0.88221
6.5955,0.4536,1.06,0.96085
6.5989,2.7464,-3.3822,0.99746
6.6022,2.3763,3.2327,0.99046
6.6055,-0.50405,8.0931,0.94013
6.6089,-0.88655,0.15628,0.84869
6.6122,1.4591,-0.73956,0.72013
6.6155,2.3784,6.9412,0.56008
6.6189,0.29971,-4.232,0.37553
6.6222,-1.8616,-9.0362,0.17457
6.6255,-0.61006,1.0175,-0.034039
6.6289,1.4761,12.804,-0.24115
6.6322,0.81368,-0.85187,-0.43772
6.6355,-2.13,0.93477,-0.61515
6.6389,-2.4131,-5.1382,-0.76567
6.6422,0.028236,-5.7159,-0.88271
6.6455,1.2269,9.3479,-0.96114
6.6489,-1.0628,-3.3228,-0.99754
6.6522,-3.0396,-0.46557,-0.99031
6.6556,-1.4587,-5.8347,-0.93977
6.6589,0.77721,-2.2137,-0.84813
6.6622,0.55096,-2.2041,-0.7194
6.6656,-1.8592,2.2198,-0.55921
6.6689,-1.876,-9.1282,-0.37456
6.6722,0.46638,0.16324,-0.17353
6.6756,2.0382,-1.993,0.035086
6.6789,0.066669,4.7354,0.24217
6.6822,-1.5893,2.4549,0.43866
6.6856,0.01483,-0.24208,0.61597
6.6889,2.6317,-0.75567,0.76634
6.6922,2.0671,4.1461,0.8832
6.6956,-0.23936,8.3055,0.96143
6.6989,-0.64651,-0.73132,0.99761
6.7022,1.7132,12.911,0.99016
6.7056,2.839,4.2693,0.93941
6.7089,0.65473,-1.3316,0.84758
6.7122,-1.3734,-0.41038,0.71868
6.7156,0.069286,-5.2221,0.55834
6.7189,2.1901,5.5263,0.37359
6.7222,1.2749,0.84874,0.1725
6.7256,-1.4228,-3.1572,-0.036132
6.7289,-1.8479,-1.1373,-0.24319
6.7322,0.16195,0.198,-0.43961
6.7356,1.3586,4.9676,-0.6168
6.7389,-0.79558,-1.6321,-0.76702
6.7422,-2.8312,-7.9028,-0.88369
6.7456,-1.5427,0.06206,-0.96172
6.7489,0.9338,-0.072479,-0.99768
6.7523,0.15691,0.40663,-0.99002
6.7556,-2.4285,0.69059,-0.93905
6.7589,-2.5412,-0.66237,-0.84702
6.7623,0.20363,0.29284,-0.71795
6.7656,1.3609,-1.8462,-0.55747
6.7689,-0.63975,-2.3415,-0.37262
6.7723,-2.2756,-4.7465,-0.17147
6.7756,-0.59875,-3.7607,0.037179
6.7789,1.9849,-0.27587,0.2442
6.7823,1.4925,-0.94134,0.44055
6.7856,-0.75096,-5.0691,0.61762
6.7889,-0.75527,-1.1694,0.76769
6.7923,1.634,-2.9739,0.88418
6.7956,2.9205,0.19521,0.962
6.7989,0.75603,3.047,0.99775
6.8023,-1.0078,-5.0308,0.98987
6.8056,0.32573,5.632,0.93869
6.8089,2.6529,7.1476,0.84647
6.8123,1.8148,-2.8536,0.71722
6.8156,-0.80671,2.8598,0.5566
6.8189,-1.1606,-2.1656,0.37165
6.8223,0.98192,3.276,0.17044
6.8256,1.8593,-3.9843,-0.038226
6.8289,-0.36296,0.039453,-0.24522
6.8323,-2.4777,0.81193,-0.44149
6.8356,-1.1472,-2.689,-0.61845
6.8389,1.0616,-3.4419,-0.76836
6.8423,0.36528,2.1452,-0.88467
6.8456,-2.2534,-7.6675,-0.96229
6.8489,-2.5691,-3.0419,-0.99782
6.8523,-0.098307,-0.20822,-0.98972
6.8556,0.87762,-0.28265,-0.93833
6.859,-1.0484,-2.3853,-0.84591
6.8623,-2.7138,-13.129,-0.71649
6.8656,-1.1454,0.73507,-0.55573
6.869,1.41,-0.2939,-0.37068
6.8723,0.9184,0.95966,-0.16941
6.8756,-1.3595,-0.73497,0.039273
6.879,-1.23,4.0171,0.24623
6.8823,1.3194,6.1473,0.44243
6.8856,2.5297,3.3271,0.61927
6.889,0.67561,-7.3411,0.76903
6.8923,-1.1295,-3.4838,0.88516
6.8956,0.48006,-1.6422,0.96257
6.899,2.5272,-6.6296,0.99789
6.9023,2.1769,1.3112,0.98957
6.9056,-0.4789,-2.4968,0.93797
6.909,-0.88644,2.454,0.84535
6.9123,1.4742,3.1341,0.71576
6.9156,2.4616,9.1471,0.55486
6.919,0.15715,4.2246,0.3697
6.9223,-1.8511,-1.3836,0.16837
6.9256,-0.48028,-2.2608,-0.04032
6.929,1.5762,2.4955,-0.24725
6.9323,0.55834,4.3812,-0.44336
6.9356,-2.1583,3.6231,-0.62009
6.939,-2.4006,-4.6945,-0.7697
6.9423,-0.043712,-2.5086,-0.88564
6.9456,1.0853,5.1771,-0.96286
6.949,-1.1646,-0.91971,-0.99796
6.9523,-3.0881,-5.6308,-0.98942
6.9557,-1.3607,-0.96245,-0.93761
6.959,0.88258,0.94283,-0.84479
6.9623,0.4654,3.6505,-0.71502
6.9657,-2.1493,-4.6456,-0.55399
6.969,-2.2295,-0.45063,-0.36873
6.9723,0.76147,7.558,-0.16734
6.9757,2.0178,1.4194,0.041366
6.979,0.24606,8.3361,0.24826
6.9823,-1.529,1.6234,0.4443
6.9857,0.2051,-3.1844,0.62091
6.989,2.6533,-0.58907,0.77037
6.9923,2.0321,-5.6771,0.88613
6.9957,-0.40155,5.7778,0.96314
6.999,-0.68881,-2.4201,0.99803
7.0023,1.7762,0.87857,0.98927
7.0057,2.8085,10.452,0.93724
7.009,0.58155,2.1122,0.84423
7.0123,-1.2154,2.8527,0.71429
7.0157,0.12512,1.4812,0.55312
7.019,2.2401,3.0839,0.36775
7.0223,1.375,1.8632,0.16631
7.0257,-1.226,-9.451,-0.042413
7.029,-1.9099,-5.1216,-0.24928
7.0323,0.46207,-4.4832,-0.44524
7.0357,1.2324,-4.8056,-0.62173
7.039,-1.093,3.1279,-0.77103
7.0423,-2.8532,-0.79356,-0.88661
7.0457,-1.4898,-6.5933,-0.96342
7.049,0.80094,-0.42811,-0.99809
7.0524,0.056132,5.7933,-0.98911
7.0557,-2.5519,-4.9777,-0.93687
7.059,-2.7159,0.74816,-0.84366
7.0624,0.2065,-3.2631,-0.71356
7.0657,1.368,8.1763,-0.55225
7.069,-0.55372,-0.38737,-0.36678
7.0724,-2.1895,-2.0692,-0.16527
7.0757,-0.51528,-0.30235,0.043459
7.079,2.1061,2.7726,0.25029
7.0824,1.7579,7.0051,0.44618
7.0857,-0.82952,3.6424,0.62255
7.089,-0.75623,0.78955,0.7717
7.0924,1.7747,6.1375,0.8871
7.0957,2.7959,1.4342,0.9637
7.099,0.6019,1.3337,0.99815
7.1024,-0.90756,-0.19655,0.98896
7.1057,0.50574,0.046241,0.93651
7.109,2.763,0.23356,0.8431
7.1124,1.6336,2.5141,0.71282
7.1157,-0.90465,-0.014811,0.55137
7.119,-1.214,-1.6913,0.36581
7.1224,1.0092,-2.1148,0.16424
7.1257,1.8078,4.8763,-0.044506
7.129,-0.51521,-0.18555,-0.25131
7.1324,-2.5555,-1.462,-0.44712
7.1357,-1.1332,-9.8193,-0.62337
7.139,1.0316,-2.3778,-0.77237
7.1424,0.072368,-7.2488,-0.88758
7.1457,-2.4788,6.5262,-0.96398
7.149,-2.5601,-4.0724,-0.99822
7.1524,-0.21612,2.9915,-0.9888
7.1557,0.88788,5.1232,-0.93614
7.1591,-1.1969,-1.2011,-0.84254
7.1624,-2.6375,-1.6863,-0.71209
7.1657,-0.91457,0.69779,-0.5505
7.1691,1.4213,8.9242,-0.36483
7.1724,0.98934,-4.8933,-0.16321
7.1757,-1.4472,-2.527,0.045553
7.1791,-1.1831,-2.6443,0.25232
7.1824,1.5544,-3.4738,0.44805
7.1857,2.4642,0.13183,0.62419
7.1891,0.51967,0.075377,0.77303
7.1924,-1.2173,2.2779,0.88806
7.1957,0.6598,3.2615,0.96426
7.1991,2.7667,3.2155,0.99828
7.2024,1.9534,7.6009,0.98864
7.2057,-0.63524,3.1694,0.93577
7.2091,-0.60953,5.2013,0.84197
7.2124,1.6904,-0.075134,0.71135
7.2157,2.4229,7.5713,0.54962
7.2191,0.028792,2.0621,0.36385
7.2224,-1.9721,-2.3285,0.16217
7.2257,-0.49814,0.45983,-0.046599
7.2291,1.8502,-5.9334,-0.25333
7.2324,0.60263,4.8339,-0.44899
7.2357,-2.0798,-2.8631,-0.62501
7.2391,-2.3816,-1.449,-0.7737
7.2424,-0.0070824,-3.0747,-0.88854
7.2457,0.93848,5.3379,-0.96453
7.2491,-1.0509,-0.25195,-0.99834
7.2524,-2.952,0.39135,-0.98849
7.2558,-1.4355,-2.1835,-0.9354
7.2591,1.0522,6.2097,-0.84141
7.2624,0.53309,3.3414,-0.71062
7.2658,-2.0992,3.0125,-0.54875
7.2691,-1.8159,1.5554,-0.36288
7.2724,0.85572,-0.54532,-0.16114
7.2758,1.9855,-1.9869,0.047645
7.2791,-0.046493,4.5201,0.25435
7.2824,-1.542,0.34172,0.44993
7.2858,0.3164,-0.73967,0.62583
7.2891,2.7137,10.464,0.77436
7.2924,2.1009,-2.454,0.88902
7.2958,-0.6204,-8.2258,0.96481
7.2991,-0.72576,-1.2023,0.9984
7.3024,1.7893,-7.5985,0.98833
7.3058,2.7081,2.0427,0.93503
7.3091,0.48595,-1.377,0.84084
7.3124,-1.264,-3.7702,0.70988
7.3158,0.27449,-3.3369,0.54787
7.3191,2.398,0.26094,0.3619
7.3224,1.1189,-2.2772,0.16011
7.3258,-1.7468,-4.2554,-0.048692
7.3291,-1.8694,-4.1217,-0.25536
7.3324,0.47449,2.3087,-0.45086
7.3358,1.3142,4.5897,-0.62664
7.3391,-1.0179,3.3604,-0.77502
7.3424,-2.8513,3.794,-0.8895
7.3458,-1.3254,-2.0452,-0.96508
7.3491,0.78426,7.5131,-0.99846
7.3525,0.053139,2.0379,-0.98817
7.3558,-2.525,-3.4171,-0.93466
7.3591,-2.3923,-4.1304,-0.84027
7.3625,0.095086,3.2836,-0.70914
7.3658,1.3089,-5.6624,-0.54699
7.3691,-0.47593,-3.3426,-0.36093
7.3725,-2.1117,-1.2342,-0.15907
7.3758,-0.26935,1.3755,0.049738
7.3791,2.1186,6.9656,0.25637
7.3825,1.7179,-0.63427,0.4518
7.3858,-0.85515,3.1227,0.62746
7.3891,-0.78027,5.3763,0.77568
7.3925,1.8743,1.4785,0.88998
7.3958,2.9104,4.3173,0.96536
7.3991,0.79478,-3.0257,0.99852
7.4025,-1.1969,1.0976,0.98801
7.4058,0.51929,5.2447,0.93429
7.4091,2.5342,0.76057,0.83971
7.4125,1.837,-0.99493,0.7084
7.4158,-0.99151,-0.50452,0.54612
7.4191,-1.1376,-3.5337,0.35995
7.4225,1.2301,-1.6872,0.15804
7.4258,1.5326,5.9179,-0.050784
7.4291,-0.55834,-3.2613,-0.25739
7.4325,-2.5476,-5.4538,-0.45273
7.4358,-0.87268,-2.6693,-0.62828
7.4391,1.1655,5.8268,-0.77634
7.4425,0.32437,-0.93937,-0.89046
7.4458,-2.553,-1.0425,-0.96563
7.4491,-2.4853,4.065,-0.99857
7.4525,-0.082416,-2.9125,-0.98784
7.4558,0.91365,2.3769,-0.93391
7.4592,-1.1962,1.1271,-0.83914
7.4625,-2.6862,0.79315,-0.70766
7.4658,-0.78681,0.045624,-0.54524
7.4692,1.4866,-4.9777,-0.35897
7.4725,0.87758,3.3317,-0.157
7.4758,-1.4331,-1.9774,0.05183
7.4792,-1.2356,-1.4834,0.2584
7.4825,1.487,-5.5062,0.45366
7.4858,2.4839,-3.901,0.62909
7.4892,0.386,0.98241,0.777
7.4925,-1.0467,-4.4226,0.89094
7.4958,0.78711,0.47084,0.9659
7.4992,3.045,2.2338,0.99863
7.5025,2.0888,-3.0018,0.98768
7.5058,-0.76486,-7.6459,0.93354
7.5092,-0.69955,6.0123,0.83857
7.5125,1.7008,5.9188,0.70692
7.5158,2.3787,-1.7739,0.54436
7.5192,-0.043466,0.37201,0.35799
7.5225,-1.7378,0.49547,0.15597
7.5258,-0.34453,-7.5449,-0.052876
7.5292,1.6471,1.4192,-0.25941
7.5325,0.42053,-6.5974,-0.4546
7.5358,-2.0367,0.21056,-0.6299
7.5392,-2.3364,-2.3348,-0.77766
7.5425,0.10122,5.3738,-0.89141
7.5458,1.0117,-5.1403,-0.96617
7.5492,-1.3219,2.9915,-0.99868
7.5525,-2.9701,6.4121,-0.98752
7.5559,-1.393,-4.046,-0.93316
7.5592,1.1938,9.9717,-0.83799
7.5625,0.43039,-1.2115,-0.70618
7.5659,-2.2052,-2.9569,-0.54348
7.5692,-1.8187,-4.5539,-0.35701
7.5725,0.9006,2.4437,-0.15493
7.5759,2.0446,3.2527,0.053922
7.5792,-0.18204,-0.99962,0.26042
7.5825,-1.6827,-1.0368,0.45553
7.5859,0.40344,3.6974,0.63072
7.5892,2.7414,7.8669,0.77832
7.5925,1.9443,7.0478,0.89188
7.5959,-0.5667,2.7029,0.96644
7.5992,-0.51327,0.2456,0.99874
7.6025,2.1669,1.5039,0.98735
7.6059,2.809,3.6741,0.93278
7.6092,0.47213,-3.0269,0.83742
7.6125,-1.2446,4.1199,0.70544
7.6159,0.29449,-3.146,0.5426
7.6192,2.3055,5.875,0.35604
7.6225,1.0708,4.9994,0.1539
7.6259,-1.5761,-3.7082,-0.054968
7.6292,-1.7092,-3.0065,-0.26143
7.6325,0.54346,4.6889,-0.45646
7.6359,1.4147,2.4905,-0.63153
7.6392,-1.0145,4.6534,-0.77898
7.6425,-3.0482,-5.1447,-0.89236
7.6459,-1.4314,-2.6887,-0.96671
7.6492,1.0138,9.7837,-0.99879
7.6526,0.059786,4.11,-0.98718
7.6559,-2.4663,-4.5929,-0.93241
7.6592,-2.2781,-4.1714,-0.83685
7.6626,0.20486,-4.2404,-0.7047
7.6659,1.3933,-5.9476,-0.54172
7.6692,-0.61681,1.2587,-0.35506
7.6726,-2.2046,-2.6181,-0.15286
7.6759,-0.27837,0.52111,0.056014
7.6792,2.1194,-2.7142,0.26244
7.6826,1.4768,-5.5046,0.45739
7.6859,-0.73396,-2.433,0.63234
7.6892,-0.78958,4.8011,0.77963
7.6926,1.871,-2.3284,0.89283
7.6959,2.7287,1.9115,0.96698
7.6992,0.57872,4.3629,0.99884
7.7026,-1.0105,-1.0163,0.98702
7.7059,0.52029,-2.0423,0.93203
7.7092,2.737,5.5039,0.83628
7.7126,1.7459,4.3834,0.70395
7.7159,-0.82611,-3.7403,0.54084
7.7192,-1.1494,-3.3171,0.35408
7.7226,1.0646,2.8541,0.15183
7.7259,1.8754,1.8353,-0.05706
7.7292,-0.8694,1.0417,-0.26345
7.7326,-2.4529,-11.8,-0.45833
7.7359,-1.0231,-4.5729,-0.63315
7.7392,0.94857,3.6659,-0.78029
7.7426,0.036147,7.7274,-0.8933
7.7459,-2.6316,-2.5998,-0.96725
7.7492,-2.3698,0.86585,-0.99889
7.7526,0.048183,7.3679,-0.98685
7.7559,0.93424,4.4266,-0.93165
7.7593,-1.447,-6.9747,-0.8357
7.7626,-2.7569,1.0926,-0.70321
7.7659,-1.0792,-2.6847,-0.53996
7.7693,1.5375,-3.166,-0.3531
7.7726,0.69482,-0.61037,-0.15079
7.7759,-1.528,-2.136,0.058106
7.7793,-1.2916,2.0479,0.26446
7.7826,1.4541,-2.7797,0.45926
7.7859,2.3604,6.0391,0.63396
7.7893,0.33654,-1.794,0.78094
7.7926,-1.1745,-0.37731,0.89377
7.7959,0.69712,0.96349,0.96751
7.7993,2.74,5.3221,0.99894
7.8026,1.8586,-0.48911,0.98668
7.8059,-0.58827,1.043,0.93127
7.8093,-0.82299,4.7489,0.83513
7.8126,1.723,2.9912,0.70246
7.8159,2.3994,-3.7322,0.53908
7.8193,-0.04444,1.1742,0.35212
7.8226,-1.8887,-8.3639,0.14976
7.8259,-0.32749,0.11135,-0.059152
7.8293,1.6294,5.3781,-0.26547
7.8326,0.59006,0.032469,-0.46019
7.8359,-2.2457,-0.61848,-0.63477
7.8393,-2.1114,-0.88698,-0.7816
7.8426,0.12587,3.5734,-0.89424
7.8459,0.92589,3.6515,-0.96778
7.8493,-1.3016,0.33428,-0.99899
7.8526,-2.9666,-6.3715,-0.98651
7.856,-1.1378,3.28,-0.93088
7.8593,1.1605,-1.2243,-0.83455
7.8626,0.24617,-6.9135,-0.70172
7.866,-2.1533,1.2401,-0.5382
7.8693,-1.901,1.2678,-0.35114
7.8726,1.0409,-3.0527,-0.14872
7.876,1.8641,-0.080263,0.060198
7.8793,-0.23985,-1.5676,0.26648
7.8826,-1.5995,0.8004,0.46112
7.886,0.28031,-1.4888,0.63558
7.8893,2.7348,2.2198,0.78225
7.8926,1.8866,11.366,0.89471
7.896,-0.83296,0.30336,0.96804
7.8993,-0.37224,1.5301,0.99903
7.9026,2.1027,4.8909,0.98633
7.906,2.7181,3.9411,0.9305
7.9093,0.33195,0.43817,0.83397
7.9126,-1.1753,-2.6646,0.70097
7.916,0.40155,-9.7374,0.53731
7.9193,2.3412,3.2224,0.35016
7.9226,1.2262,5.866,0.14769
7.926,-1.7376,0.25874,-0.061243
7.9293,-1.6186,-6.1696,-0.26749
7.9326,0.65449,1.905,-0.46205
7.936,1.2323,-0.44952,-0.63639
7.9393,-1.2843,0.98297,-0.7829
7.9426,-2.9647,-6.9818,-0.89518
7.946,-1.2989,2.6309,-0.9683
7.9493,0.9934,2.0913,-0.99908
7.9527,0.011724,9.4461,-0.98616
7.956,-2.7551,-3.1703,-0.93012
7.9593,-2.4584,-4.7955,-0.83339
7.9627,0.41857,-0.76974,-0.70022
7.966,1.221,4.1128,-0.53643
7.9693,-0.83862,-0.20132,-0.34917
7.9727,-2.2313,-1.7424,-0.14665
7.976,-0.15239,4.8087,0.062289
7.9793,2.166,-8.8776,0.2685
7.9827,1.2664,-0.41985,0.46297
7.986,-0.91909,-1.6062,0.6372
7.9893,-0.87038,2.5097,0.78355
7.9927,1.9981,3.9303,0.89564
7.996,2.7507,7.1263,0.96856
7.9993,0.40726,4.7386,0.99912
8.0027,-0.80355,-6.0391,0.98599
8.006,0.66389,0.63971,0.92973
8.0093,2.5591,3.0799,0.83281
8.0127,1.5656,0.65966,0.69947
8.016,-0.98553,-4.0016,0.53554
8.0193,-1.0854,-3.0938,0.34819
8.0227,1.2062,1.1881,0.14561
8.026,1.7946,5.7231,-0.063334
8.0293,-0.81424,2.604,-0.26951
8.0327,-2.3649,-5.8683,-0.4639
8.036,-0.78063,-9.729,-0.638
8.0393,1.2039,-6.8905,-0.78421
8.0427,0.21031,-1.2108,-0.89611
8.046,-2.5049,-9.5806,-0.96882
8.0493,-2.4008,-1.777,-0.99917
8.0527,-0.047076,-0.91329,-0.98581
8.056,1.1849,0.75206,-0.92934
8.0594,-1.1992,-3.0063,-0.83223
8.0627,-2.4449,4.2165,-0.69872
8.066,-0.58569,4.0405,-0.53466
8.0694,1.6449,-0.90829,-0.34721
8.0727,0.47856,-0.74247,-0.14458
8.076,-1.5284,-3.5732,0.06438
8.0794,-1.1263,-3.3639,0.27052
8.0827,1.4827,3.8261,0.46483
8.086,2.4463,-1.6644,0.63881
8.0894,0.26515,-2.165,0.78485
8.0927,-0.95427,1.2133,0.89657
8.096,0.87905,2.2849,0.96908
8.0994,2.8711,3.5485,0.99921
8.1027,1.8123,2.3069,0.98564
8.106,-0.64227,1.3403,0.92896
8.1094,-0.59983,-1.3719,0.83165
8.1127,1.9691,-7.6579,0.69797
8.116,2.195,-5.6675,0.53377
8.1194,-0.15471,2.4102,0.34623
8.1227,-1.8175,4.7092,0.14354
8.126,-0.45597,1.4891,-0.065425
8.1294,1.6896,2.1549,-0.27153
8.1327,0.51111,-2.0608,-0.46576
8.136,-2.2122,0.79854,-0.63962
8.1394,-2.0974,-2.0209,-0.7855
8.1427,0.30613,-1.8643,-0.89704
8.146,0.97352,3.4029,-0.96934
8.1494,-1.5178,0.6946,-0.99925
8.1527,-3.0975,-3.7792,-0.98546
8.1561,-1.171,-1.9273,-0.92857
8.1594,1.1996,1.9846,-0.83107
8.1627,0.22451,6.8274,-0.69722
8.1661,-2.2723,-4.4702,-0.53289
8.1694,-1.8176,-1.7267,-0.34524
8.1727,0.98629,2.4443,-0.1425
8.1761,1.6577,2.3922,0.06647
8.1794,-0.37094,-4.3544,0.27254
8.1827,-1.3681,-1.5977,0.46668
8.1861,0.46089,-1.9682,0.64042
8.1894,2.7033,5.345,0.78615
8.1927,1.7672,7.878,0.8975
8.1961,-0.68917,3.4366,0.9696
8.1994,-0.37918,2.0182,0.99929
8.2027,2.2782,2.9402,0.98528
8.2061,2.9729,4.9558,0.92818
8.2094,0.33553,0.8367,0.83049
8.2127,-1.3651,-5.3549,0.69647
8.2161,0.51915,1.7876,0.532
8.2194,2.3218,-0.7732,0.34426
8.2227,1.1393,3.9516,0.14147
8.2261,-1.6775,-5.486,-0.067515
8.2294,-1.567,5.3101,-0.27354
8.2327,0.6676,5.4014,-0.46761
8.2361,1.178,2.4552,-0.64123
8.2394,-1.3313,1.0859,-0.7868
8.2427,-2.9592,1.8465,-0.89796
8.2461,-1.1558,4.966,-0.96985
8.2494,0.91806,-2.0146,-0.99933
8.2528,-0.24595,-3.5615,-0.9851
8.2561,-2.6372,-5.4091,-0.92779
8.2594,-2.4183,0.63288,-0.8299
8.2628,0.24541,3.7197,-0.69572
8.2661,1.2024,0.9695,-0.53111
8.2694,-0.7807,-0.64472,-0.34328
8.2728,-2.1958,-6.0311,-0.14043
8.2761,-0.16819,-4.4631,0.06856
8.2794,2.1345,6.4627,0.27455
8.2828,1.2464,-6.0698,0.46854
8.2861,-1.1566,-6.9434,0.64203
8.2894,-0.58295,-0.77478,0.78744
8.2928,1.9572,-0.60895,0.89842
8.2961,2.8387,9.1141,0.97011
8.2994,0.50135,-5.0983,0.99937
8.3028,-0.85732,3.8448,0.98492
8.3061,0.60341,5.7251,0.9274
8.3094,2.822,1.3608,0.82932
8.3128,1.5942,-4.1739,0.69497
8.3161,-1.3417,-2.759,0.53023
8.3194,-1.0307,-2.6202,0.34229
8.3228,1.3556,-0.8101,0.13939
8.3261,1.6668,-0.75034,-0.069606
8.3294,-0.7647,-2.8288,-0.27556
8.3328,-2.431,-3.4459,-0.46946
8.3361,-0.78461,0.63649,-0.64283
8.3394,1.1556,4.8553,-0.78809
8.3428,-0.2393,-0.39309,-0.89888
8.3461,-2.7119,-3.7504,-0.97036
8.3494,-2.3836,-0.87901,-0.9994
8.3528,0.13128,-3.5271,-0.98474
8.3561,0.89237,3.9023,-0.927
8.3595,-1.5438,7.1858,-0.82873
8.3628,-2.5962,0.44579,-0.69421
8.3661,-0.74165,-3.4113,-0.52934
8.3695,1.5786,-0.1408,-0.34131
8.3728,0.78346,2.5029,-0.13835
8.3761,-1.6045,0.74714,0.07065
8.3795,-1.1287,-2.8672,0.27657
8.3828,1.609,2.8889,0.47039
8.3861,2.2851,7.8825,0.64363
8.3895,0.24861,0.75454,0.78873
8.3928,-1.1021,-4.8305,0.89934
8.3961,0.88413,3.06,0.97061
8.3995,2.9313,5.7277,0.99944
8.4028,1.6986,0.97021,0.98455
8.4061,-0.83314,2.7247,0.92661
8.4095,-0.68446,5.7516,0.82814
8.4128,1.9579,7.3581,0.69346
8.4161,2.2513,0.29597,0.52845
8.4195,-0.27326,3.1458,0.34032
8.4228,-1.8338,-0.66618,0.13732
8.4261,-0.22622,-6.0404,-0.071695
8.4295,1.609,4.4178,-0.27757
8.4328,0.25292,7.8113,-0.47131
8.4361,-2.3261,-0.29883,-0.64444
8.4395,-2.1873,-9.9019,-0.78938
8.4428,0.16674,-3.568,-0.8998
8.4461,0.91509,-3.2076,-0.97086
8.4495,-1.4834,4.2849,-0.99947
8.4528,-2.8916,1.6896,-0.98437
8.4562,-1.095,-0.57512,-0.92622
8.4595,1.0523,1.5357,-0.82756
8.4628,-0.046538,2.5275,-0.6927
8.4662,-2.1029,-2.0076,-0.52756
8.4695,-1.6735,4.19,-0.33934
8.4728,1.0895,2.2779,-0.13628
8.4762,1.8064,2.1776,0.07274
8.4795,-0.44095,-6.0898,0.27858
8.4828,-1.5948,-0.86951,0.47223
8.4862,0.68739,4.7646,0.64524
8.4895,2.7388,-4.2755,0.79002
8.4928,1.6777,1.1304,0.90025
8.4962,-0.75024,3.667,0.97112
8.4995,-0.34749,-2.578,0.99951
8.5028,2.0655,4.7884,0.98419
8.5062,2.6013,1.7022,0.92582
8.5095,0.42168,-1.3158,0.82697
8.5128,-1.1914,-3.2193,0.69195
8.5162,0.52994,-1.0865,0.52667
8.5195,2.203,8.9378,0.33835
8.5228,0.81641,5.2584,0.13524
8.5262,-1.7926,-5.9332,-0.073785
8.5295,-1.5995,-6.98,-0.27958
8.5328,0.80971,8.2778,-0.47316
8.5362,1.0447,2.3437,-0.64604
8.5395,-1.5753,1.0326,-0.79066
8.5428,-2.731,-8.5523,-0.90071
8.5462,-0.95064,2.6016,-0.97136
8.5495,0.91378,-0.63991,-0.99954
8.5529,-0.32699,3.4995,-0.984
8.5562,-2.6098,-7.7932,-0.92543
8.5595,-2.2086,2.3777,-0.82638
8.5629,0.61293,-1.6835,-0.69119
8.5662,1.201,4.6549,-0.52578
8.5695,-1.0353,-2.9393,-0.33737
8.5729,-2.2736,6.5735,-0.1342
8.5762,-0.035171,10.814,0.07483
8.5795,2.4168,1.2034,0.28059
8.5829,1.1674,-0.43402,0.47408
8.5862,-1.2347,-3.4735,0.64684
8.5895,-0.47722,-6.7555,0.7913
8.5929,2.1446,7.7505,0.90116
8.5962,2.7816,4.1887,0.97161
8.5995,0.46289,-6.818,0.99957
8.6029,-0.97547,-3.8622,0.98381
8.6062,0.97329,0.2528,0.92503
8.6095,2.7981,5.7147,0.82579
8.6129,1.384,-9.1829,0.69044
8.6162,-0.85251,-3.5614,0.52489
8.6195,-0.92482,0.99002,0.33638
8.6229,1.2631,-6.0886,0.13317
8.6262,1.6657,2.9861,-0.075874
8.6295,-0.8822,8.1761,-0.2816
8.6329,-2.7215,-3.6914,-0.475
8.6362,-0.5543,3.2159,-0.64763
8.6395,1.0401,-0.75938,-0.79194
8.6429,-0.044585,2.2876,-0.90162
8.6462,-2.778,-0.98813,-0.97186
8.6495,-2.2313,-6.2941,-0.9996
8.6529,0.36988,5.4213,-0.98362
8.6562,0.85308,-6.6162,-0.92463
8.6596,-1.3691,-0.60165,-0.8252
8.6629,-2.6549,-6.7118,-0.68968
8.6662,-0.60736,0.40628,-0.52399
8.6696,1.5781,-0.063897,-0.33539
8.6729,0.60605,-3.9776,-0.13213
8.6762,-1.5853,-4.0024,0.076919
8.6796,-1.0035,3.2706,0.2826
8.6829,1.7191,3.2467,0.47592
8.6862,2.5373,2.3478,0.64843
8.6896,-0.062919,-1.8956,0.79258
8.6929,-0.97148,-0.72687,0.90207
8.6962,0.92383,0.082629,0.97211
8.6996,2.8844,0.32944,0.99963
8.7029,1.7435,-4.6942,0.98343
8.7062,-0.77893,4.5369,0.92423
8.7096,-0.24162,-0.89432,0.82461
8.7129,2.0659,-7.4054,0.68892
8.7162,2.1321,-2.2236,0.5231
8.7196,-0.29641,2.2999,0.33441
8.7229,-1.7417,5.5662,0.13109
8.7262,-0.22647,3.5325,-0.077963
8.7296,1.6009,-0.95765,-0.28361
8.7329,0.37391,0.66456,-0.47684
8.7362,-2.2224,-4.5437,-0.64923
8.7396,-2.0611,-2.2703,-0.79322
8.7429,0.39183,4.2761,-0.90252
8.7462,0.69065,3.8107,-0.97235
8.7496,-1.6366,-0.77582,-0.99966
8.7529,-2.9508,-0.2784,-0.98324
8.7563,-0.99778,-2.2759,-0.92383
8.7596,1.2204,2.0984,-0.82401
8.7629,0.092721,-5.8878,-0.68816
8.7663,-2.4064,8.4427,-0.52221
8.7696,-1.8476,-4.706,-0.33342
8.7729,1.0393,5.1722,-0.13005
8.7763,1.6517,2.7212,0.079007
8.7796,-0.36376,-3.2909,0.28461
8.7829,-1.4413,1.3411,0.47776
8.7863,0.55274,-3.5867,0.65003
8.7896,2.6888,2.0304,0.79386
8.7929,1.7058,-1.5271,0.90297
8.7963,-0.7835,-2.7728,0.9726
8.7996,-0.37203,-1.4476,0.99968
8.8029,2.1718,0.47855,0.98305
8.8063,2.6705,6.1516,0.92343
8.8096,0.16434,1.5772,0.82342
8.8129,-1.305,-3.765,0.6874
8.8163,0.54287,-9.0594,0.52131
8.8196,2.3318,3.8543,0.33243
8.8229,0.68932,2.7796,0.12901
8.8263,-1.921,5.6645,-0.080052
8.8296,-1.5364,6.3278,-0.28561
8.8329,0.76593,0.56344,-0.47868
8.8363,1.1447,2.7806,-0.65082
8.8396,-1.3435,-3.2733,-0.79449
8.8429,-3.0006,0.023962,-0.90342
8.8463,-0.75234,-2.8438,-0.97284
8.8496,0.91983,0.30846,-0.99971
8.853,-0.31251,-0.32107,-0.98286
8.8563,-2.8294,1.8515,-0.92303
8.8596,-2.0451,-6.4111,-0.82282
8.863,0.62291,-1.2762,-0.68664
8.8663,1.2019,2.9351,-0.52042
8.8696,-1.0081,-3.8729,-0.33144
8.873,-2.2377,-0.96056,-0.12797
8.8763,0.17684,-0.48933,0.081096
8.8796,2.3901,-0.30489,0.28662
8.883,1.083,-1.5142,0.4796
8.8863,-1.1127,1.2923,0.65162
8.8896,-0.451,-0.92842,0.79513
8.893,2.2706,-3.4138,0.90387
8.8963,2.6329,3.3355,0.97308
8.8996,0.19244,-6.1775,0.99973
8.903,-1.0986,-2.9037,0.98267
8.9063,0.87991,4.6267,0.92262
8.9096,2.9371,0.19764,0.82223
8.913,1.2497,-2.3726,0.68587
8.9163,-1.1879,-14.01,0.51953
8.9196,-0.98679,0.32235,0.33046
8.923,1.4006,7.2569,0.12693
8.9263,1.5372,-1.481,-0.08214
8.9296,-1.1419,-3.74,-0.28762
8.933,-2.398,2.401,-0.48052
8.9363,-0.5397,5.4739,-0.65241
8.9396,1.1404,4.8313,-0.79577
8.943,-0.20708,-5.1275,-0.90432
8.9463,-2.7827,0.0027677,-0.97332
8.9496,-2.1988,-3.1406,-0.99976
8.953,0.25983,-1.0623,-0.98247
8.9563,1.0186,-4.655,-0.92222
8.9597,-1.4599,4.8733,-0.82163
8.963,-2.5549,1.5696,-0.68511
8.9663,-0.29364,7.6201,-0.51863
8.9697,1.5714,5.3767,-0.32947
8.973,0.65515,1.2924,-0.12589
8.9763,-1.7361,-9.2224,0.083184
8.9797,-0.85893,-5.5404,0.28862
8.983,1.9689,-5.9204,0.48144
8.9863,2.2409,8.3063,0.6532
8.9897,-0.011422,0.99429,0.7964
8.993,-1.0735,-1.8964,0.90476
8.9963,1.0672,2.4062,0.97356
8.9997,2.9127,1.3852,0.99978
9.003,1.6265,5.1387,0.98228
9.0063,-0.8532,-4.2435,0.92181
9.0097,-0.32263,0.91821,0.82103
9.013,2.1132,4.8922,0.68435
9.0163,2.1634,5.1332,0.51773
9.0197,-0.4054,6.3428,0.32848
9.023,-1.7542,-7.8752,0.12486
9.0263,-0.087188,-2.4032,-0.084228
9.0297,1.6302,3.3706,-0.28963
9.033,-0.010613,0.33396,-0.48236
9.0363,-2.325,-0.66655,-0.654
9.0397,-2.0064,1.2382,-0.79703
9.043,0.32153,0.70187,-0.90521
9.0463,0.67556,-1.5463,-0.9738
9.0497,-2.0434,-7.3595,-0.9998
9.053,-2.8845,0.74756,-0.98208
9.0564,-0.9098,3.4276,-0.92141
9.0597,0.92578,6.619,-0.82044
9.063,-0.037188,7.3246,-0.68358
9.0664,-2.3035,0.64649,-0.51684
9.0697,-1.5058,2.1315,-0.32749
9.073,1.2369,3.0483,-0.12382
9.0764,1.9394,-2.134,0.085271
9.0797,-0.66902,1.6157,0.29063
9.083,-1.5714,-1.5705,0.48328
9.0864,0.70066,3.3516,0.65479
9.0897,2.8366,4.9596,0.79766
9.093,1.5943,-5.7097,0.90565
9.0964,-0.74088,1.5888,0.97404
9.0997,-0.35827,5.5177,0.99982
9.103,2.2872,-1.6308,0.98188
9.1064,2.5466,1.3677,0.921
9.1097,-0.02122,-3.7504,0.81984
9.113,-1.3048,-4.5431,0.68282
9.1164,0.69794,2.9992,0.51594
9.1197,2.438,6.4019,0.3265
9.123,0.69426,-4.0651,0.12278
9.1264,-1.8669,-7.5848,-0.086315
9.1297,-1.5954,0.31136,-0.29163
9.133,0.77163,0.15158,-0.48419
9.1364,1.1016,0.31599,-0.65558
9.1397,-1.6877,-5.6911,-0.7983
9.143,-2.8415,2.6653,-0.9061
9.1464,-0.75869,4.212,-0.97427
9.1497,1.0407,-1.256,-0.99984
9.1531,-0.38602,1.8624,-0.98168
9.1564,-2.6124,-1.6975,-0.92059
9.1597,-2.1605,-4.5543,-0.81924
9.1631,0.75393,0.062785,-0.68205
9.1664,1.3106,12.23,-0.51504
9.1697,-1.0453,-0.0061361,-0.32551
9.1731,-2.0829,-1.6222,-0.12174
9.1764,0.21136,2.127,0.087359
9.1797,2.2658,10.322,0.29263
9.1831,1.0223,-2.0504,0.48511
9.1864,-0.9654,0.45984,0.65637
9.1897,-0.49206,2.6553,0.79893
9.1931,2.4293,7.9708,0.90654
9.1964,2.7292,4.054,0.97451
9.1997,0.20554,3.8954,0.99986
9.2031,-0.93507,6.2588,0.98148
9.2064,0.94369,2.6085,0.92018
9.2097,2.772,-0.1903,0.81863
9.2131,1.2395,3.0515,0.68129
9.2164,-1.1187,-8.9262,0.51414
9.2197,-0.7923,1.367,0.32452
9.2231,1.5506,1.5467,0.1207
9.2264,1.7425,4.7729,-0.088402
9.2297,-1.0516,5.3374,-0.29363
9.2331,-2.4098,2.1968,-0.48603
9.2364,-0.62625,-6.2337,-0.65716
9.2397,1.2528,1.6545,-0.79956
9.2431,-0.33042,-0.1432,-0.90698
9.2464,-2.7587,-2.5974,-0.97474
9.2497,-2.3746,-5.1279,-0.99988
9.2531,0.51677,-3.411,-0.98128
9.2564,0.63087,6.1488,-0.91977
9.2598,-1.6144,-6.6101,-0.81803
9.2631,-2.8495,4.4147,-0.68052
9.2664,-0.31327,-7.1392,-0.51325
9.2698,1.7085,7.5982,-0.32353
9.2731,0.29164,-1.765,-0.11966
9.2764,-1.6666,1.2287,0.089446
9.2798,-0.94609,-3.1996,0.29464
9.2831,1.7357,4.2431,0.48694
9.2864,2.3232,-2.3771,0.65795
9.2898,-0.0084555,3.4671,0.80018
9.2931,-1.0887,7.0543,0.90742
9.2964,1.1908,5.5957,0.97498
9.2998,2.9178,3.0921,0.99989
9.3031,1.6266,-0.83926,0.98108
9.3064,-1.126,1.617,0.91936
9.3098,-0.25944,1.2147,0.81743
9.3131,1.861,3.4894,0.67975
9.3164,1.945,5.4632,0.51235
9.3198,-0.48757,0.17272,0.32253
9.3231,-1.8573,-2.1278,0.11862
9.3264,0.04642,8.3872,-0.090489
9.3298,1.6733,-0.71625,-0.29564
9.3331,-0.036391,-1.2342,-0.48786
9.3364,-2.4523,-3.8797,-0.65874
9.3398,-2.092,-4.7819,-0.80081
9.3431,0.13425,-0.23152,-0.90786
9.3464,0.58026,0.087844,-0.97521
9.3498,-1.889,-2.5783,-0.99991
9.3531,-2.9383,-4.5154,-0.98087
9.3565,-0.79566,1.3273,-0.91894
9.3598,1.0542,2.7401,-0.81683
9.3631,-0.2716,-5.5784,-0.67898
9.3665,-2.1296,0.62492,-0.51145
9.3698,-1.3826,0.61555,-0.32154
9.3731,1.3596,9.1164,-0.11758
9.3765,1.7816,0.11721,0.091532
9.3798,-0.7637,-5.8103,0.29664
9.3831,-1.4828,1.8368,0.48877
9.3865,0.93246,4.749,0.65953
9.3898,2.885,7.3123,0.80144
9.3931,1.2799,1.1647,0.9083
9.3965,-0.72416,-3.1511,0.97544
9.3998,0.025069,1.8974,0.99992
9.4031,2.2964,-2.3324,0.98067
9.4065,2.5206,-0.36764,0.91853
9.4098,-0.065929,1.6675,0.81622
9.4131,-1.1844,-10.025,0.67821
9.4165,0.62072,1.0023,0.51055
9.4198,2.302,9.5321,0.32055
9.4231,0.54546,-1.5528,0.11654
9.4265,-1.8632,-2.6048,-0.092575
9.4298,-1.6373,-0.65924,-0.29764
9.4331,0.93072,-1.4014,-0.48968
9.4365,1.065,-9.0147,-0.66031
9.4398,-1.6675,-0.8103,-0.80207
9.4431,-2.7873,-3.8264,-0.90874
9.4465,-0.97775,1.3723,-0.97567
9.4498,0.8201,-2.0435,-0.99993
9.4532,-0.57978,-4.6785,-0.98046
9.4565,-2.8568,-2.2062,-0.91812
9.4598,-2.057,-1.6549,-0.81561
9.4632,0.75041,-3.7616,-0.67744
9.4665,1.1109,3.5119,-0.50965
9.4698,-1.1111,-6.6748,-0.31956
9.4732,-2.0997,-7.477,-0.1155
9.4765,0.4044,0.53965,0.093618
9.4798,2.3663,7.2856,0.29864
9.4832,0.97561,2.4316,0.4906
9.4865,-1.0032,-0.65377,0.6611
9.4898,-0.44569,3.2115,0.80269
9.4932,2.228,10.408,0.90918
9.4965,2.6566,-2.0636,0.9759
9.4998,0.041651,2.8612,0.99995
9.5032,-0.87345,2.2454,0.98026
9.5065,1.102,-3.085,0.9177
9.5098,2.7222,3.8904,0.81501
9.5132,1.1458,6.0723,0.67667
9.5165,-1.4262,4.414,0.50874
9.5198,-0.63507,6.7464,0.31857
9.5232,1.5936,4.9694,0.11445
9.5265,1.6593,2.737,-0.094661
9.5298,-1.1358,-6.176,-0.29964
9.5332,-2.4962,0.50994,-0.49151
9.5365,-0.53379,0.30724,-0.66189
9.5398,1.3489,1.4931,-0.80331
9.5432,-0.25258,4.6988,-0.90961
9.5465,-2.6031,-3.0996,-0.97613
9.5498,-2.0368,-5.7048,-0.99996
9.5532,0.3516,4.5566,-0.98005
9.5565,0.58953,-1.424,-0.91728
9.5599,-1.6391,-2.5616,-0.8144
9.5632,-2.7578,-1.5552,-0.6759
9.5665,-0.25982,1.3624,-0.50784
9.5699,1.6443,-13.963,-0.31757
9.5732,0.37683,-1.7899,-0.11341
9.5765,-1.717,-5.1923,0.095704
9.5799,-0.94954,5.0337,0.30064
9.5832,1.9313,5.6324,0.49242
9.5865,2.3697,6.8851,0.66267
9.5899,-0.12911,2.6446,0.80394
9.5932,-0.94539,-5.5065,0.91005
9.5965,1.2288,13.616,0.97636
9.5999,2.9691,5.9346,0.99996
9.6032,1.5264,1.3047,0.97984
9.6065,-0.9755,1.6078,0.91687
9.6099,-0.27738,-0.19935,0.81379
9.6132,2.1396,1.7771,0.67513
9.6165,2.1731,-1.9749,0.50694
9.6199,-0.52563,8.9338,0.31658
9.6232,-1.727,0.45092,0.11237
9.6265,0.061138,0.58465,-0.096747
9.6299,1.7376,-2.8463,-0.30164
9.6332,-0.0065644,-8.7554,-0.49333
9.6365,-2.5649,-1.5661,-0.66345
9.6399,-1.9061,2.2276,-0.80456
9.6432,0.64977,-2.6612,-0.91048
9.6465,0.67811,-5.0258,-0.97658
9.6499,-1.9295,-9.7542,-0.99997
9.6532,-2.8693,0.55232,-0.97963
9.6566,-0.72526,-4.3589,-0.91645
9.6599,1.1854,3.9575,-0.81318
9.6632,-0.3785,-0.0066793,-0.67436
9.6666,-2.3493,-4.3626,-0.50604
9.6699,-1.183,8.764,-0.31558
9.6732,1.3223,5.0913,-0.11133
9.6766,1.5724,0.98122,0.097789
9.6799,-0.59104,-0.8004,0.30263
9.6832,-1.4414,3.3317,0.49424
9.6866,0.95103,-0.21013,0.66424
9.6899,2.9268,4.676,0.80518
9.6932,1.239,-0.98713,0.91091
9.6966,-0.9972,-7.9009,0.97681
9.6999,-0.054637,0.82949,0.99998
9.7032,2.4843,-1.4299,0.97942
9.7066,2.5001,6.0316,0.91603
9.7099,-0.027792,-8.8251,0.81257
9.7132,-1.3158,-5.49,0.67358
9.7166,0.8781,4.8862,0.50513
9.7199,2.3612,-0.15072,0.31459
9.7232,0.35136,5.8388,0.11029
9.7266,-2.0444,-2.1903,-0.098832
9.7299,-1.3647,7.6961,-0.30363
9.7332,1.0175,4.1989,-0.49515
9.7366,0.86653,-0.25241,-0.66502
9.7399,-1.7911,-10.749,-0.8058
9.7432,-2.879,3.3837,-0.91135
9.7466,-0.70191,-7.7245,-0.97703
9.7499,1.0462,1.1872,-0.99999
9.7533,-0.55788,1.5554,-0.97921
9.7566,-2.8522,-5.0489,-0.91561
9.7599,-1.7174,-1.0603,-0.81196
9.7633,0.84751,-0.083869,-0.67281
9.7666,1.2507,0.22969,-0.50423
9.7699,-1.2304,-0.6096,-0.3136
9.7733,-2.1252,-8.0348,-0.10925
9.7766,0.19509,3.1285,0.099874
9.7799,2.3204,9.488,0.30463
9.7833,0.85388,-2.0419,0.49606
9.7866,-1.2471,-2.8207,0.6658
9.7899,-0.33652,-2.3023,0.80642
9.7933,2.2982,0.30185,0.91178
9.7966,2.6421,6.6426,0.97725
9.7999,0.09706,0.54384,0.99999
9.8033,-0.85946,-2.2367,0.979
9.8066,1.2197,1.1401,0.91519
9.8099,2.7426,5.2506,0.81135
9.8133,1.0771,-2.6115,0.67203
9.8166,-1.3668,-0.097337,0.50332
9.8199,-0.70488,8.0737,0.3126
9.8233,1.8037,8.233,0.10821
9.8266,1.4383,4.5063,-0.10092
9.8299,-1.1732,-5.1289,-0.30563
9.8333,-2.5122,-3.0027,-0.49697
9.8366,-0.21567,0.48157,-0.66658
9.8399,1.3641,0.57865,-0.80704
9.8433,-0.53102,4.6896,-0.91221
9.8466,-2.8541,-3.011,-0.97747
9.8499,-2.0231,-1.7358,-1
9.8533,0.2944,1.3672,-0.97878
9.8566,0.51336,-1.2541,-0.91476
9.86,-1.8027,5.864,-0.81074
9.8633,-2.6508,-4.3065,-0.67126
9.8666,-0.1104,-4.3501,-0.50242
9.87,1.7094,6.2721,-0.31161
9.8733,0.22377,2.9271,-0.10717
9.8766,-1.931,0.6652,0.10196
9.88,-0.86355,-2.0607,0.30662
9.8833,1.9542,-3.1449,0.49788
9.8866,2.3053,5.4448,0.66736
9.89,-0.10366,-1.0719,0.80766
9.8933,-0.75304,0.38916,0.91263
9.8966,1.2323,5.4397,0.9777
9.9,3.0166,6.7965,1
9.9033,1.4894,0.63997,0.97857
9.9066,-0.84131,-2.0608,0.91434
9.91,-0.36153,1.2503,0.81012
9.9133,2.2004,7.5293,0.67048
9.9166,2.0548,1.2135,0.50151
9.92,-0.72339,-2.5312,0.31061
9.9233,-1.6192,3.1701,0.10613
9.9266,-0.023055,-1.3955,-0.103
9.93,1.7305,-8.6818,-0.30762
9.9333,0.065524,7.1041,-0.49879
9.9366,-2.5511,-1.831,-0.66814
9.94,-1.8547,-1.0287,-0.80828
9.9433,0.62865,7.0282,-0.91306
9.9466,0.61609,8.851,-0.97791
9.95,-2.1698,3.0757,-1
9.9533,-2.9387,-6.6281,-0.97835
9.9567,-0.63243,-1.7391,-0.91391
9.96,1.234,0.91799,-0.80951
9.9633,-0.41414,0.15567,-0.6697
9.9667,-2.2466,-1.8771,-0.5006
9.97,-1.3257,2.7411,-0.30961
9.9733,1.5235,-2.1826,-0.10508
9.9767,1.559,0.69309,0.10404
9.98,-0.78714,2.1931,0.30862
9.9833,-1.2385,-7.2191,0.4997
9.9867,1.1038,8.829,0.66892
9.99,3.0273,1.0089,0.80889
9.9933,1.2859,-0.98681,0.91349
9.9967,-0.92697,-4.8277,0.97813
10,0.064307,-5.3542,1
