0,-0.22391815456480546
1,-2.5870797673300236
2,-2.852741185396673
3,-1.9477062485955323
4,-2.7280544854827244
5,-1.2426166015587172
6,-2.139447382436687
7,-1.9630151400171427
8,-1.5492175306118243
9,-2.6492218767412865
10,-0.8606420244469799
11,-2.1068450373809897
12,-2.1320570539447203
13,-1.0745283812587263
14,-2.355240389795133
15,-0.8083311614865283
16,-0.5773238901913303
17,-3.627412700828788
18,-1.4612894704744255
19,-0.7933766796367205
20,-0.7698531448033265
21,-0.5556658872194851
22,-2.0050506820335228
23,-2.1801399567147537
24,-1.2432681295096824
25,-1.143620546451793
26,1.0708577555204812
27,-1.3727835444105323
28,-2.822009578743633
29,-1.2421591439684474
30,-2.3451971528496065
31,-0.6050262565879009
32,-1.9551169891816471
33,-1.4512431362570393
34,-1.0927994344965863
35,-0.856806800012689
36,-1.2773343759121383
37,1.3043694540591941
38,-2.828538139149552
39,-0.755656885632001
40,0.46878593229689614
41,-0.40819876706541275
42,-0.38472190296665076
43,1.291761913405446
44,-0.8306408671915704
45,-0.5655153570654201
46,-0.1615622760368275
47,-0.3493026386913599
48,-3.104974463872876
49,-0.32263425337549523
50,-0.4042134508603288
51,0.35329551100525414
52,-0.21776926891830511
53,-0.597880376048928
54,-1.05472421043017
55,-1.3057977545145933
56,0.4560479072519088
57,0.39401517938809194
58,0.37688388947319673
59,-0.26219767169857644
60,0.8127303728281476
61,-0.7066034486620103
62,-1.5203460804960258
63,0.1841236636469793
64,0.9259581004796138
65,0.7689228811581293
66,-0.2227158414319727
67,0.16553001375053428
68,-2.5694673473684686
69,0.5314966578507883
70,0.9485145527733818
71,1.234769421767415
72,-0.11514633111261402
73,1.0036192190160922
74,-1.0987350544771775
75,-0.30898830714432535
76,-0.6365671310825364
77,-0.7307608152480689
78,1.2100741504131285
79,0.3898744979972353
80,0.8695853909487403
81,-1.3562631175719717
82,-1.3787917128356595
83,0.7920452362979817
84,2.3078053783474424
85,-0.16293340997642225
86,1.431757606636255
87,1.4801219320587975
88,1.0903155244625502
89,0.5565930328900441
90,0.2699901633511145
91,1.2657380560554738
92,1.9774145330914414
93,2.0853734314438475
94,0.11741327153422432
95,-0.6936796986280164
96,-0.53292333051407
97,0.7225525264549034
98,0.990379915136341
99,-0.8080091540226885
100,-0.6500716377574068
101,0.21050747546200022
102,0.6373262118196386
103,0.4796995109934247
104,0.8094639288859787
105,1.9118214814080665
106,0.4332106514726088
107,1.4759263304433317
108,1.443718375795451
109,-0.029440414637345924
110,1.2192399469995987
111,2.2905104943616434
112,0.35394778742824134
113,0.6775035222135986
114,1.4374526940408603
115,1.284140944267952
116,-0.7287171064478345
117,1.8618631215520722
118,1.4382737119433866
119,0.12847436815818503
120,0.18442623520164447
121,1.1925259130569184
122,1.5226409155717147
123,2.4635269228181738
124,1.0050220848752525
125,3.2878981916924004
126,0.7613333600798783
127,1.2855310314368817
128,-1.6059376105224217
129,2.0608329091819435
130,-0.25846780159537286
131,-0.3360353461800787
132,1.330277315078068
133,1.3565381143900983
134,0.24493635021287674
135,0.9677514423975947
136,0.06528549075858092
137,2.3024195103605463
138,0.3371706402996
139,-0.6640312172497247
140,0.30737127354687405
141,0.3108896223629977
142,-0.5821044089602547
143,-0.04033727619722127
144,0.02565406987503749
145,-0.6571821647166611
146,-0.8361134256576163
147,0.637227366270321
148,0.5455136157484329
149,-0.609670388734484
150,-0.1339302957522701
151,1.5572569160460323
152,-0.9361874301720512
153,0.6394855462487792
154,0.27353274809301387
155,-1.4122890487517918
156,0.027329431212730126
157,1.2887193337066951
158,-1.6241030604702815
159,-0.32356115933250396
160,-0.47969412835806025
161,1.1517637539733847
162,1.0204152230612287
163,3.4797970364945434
164,0.47710199972611
165,0.007234231974464711
166,2.078403982831313
167,2.310359808038214
168,1.8532849455882328
169,0.8189876595880619
170,0.9185005624799961
171,-0.6200944021373895
172,0.8844950353876291
173,-0.7684302685417307
174,-0.9931266402147154
175,2.59848719907569
176,0.588224411732092
177,0.5647861640466542
178,0.47082060383501934
179,0.27027957532160996
180,0.6977956373977308
181,1.3081000680732877
182,-1.3067290157600127
183,1.8614107016149184
184,1.1502170690792943
185,-0.3014702747735189
186,-1.3362358548932685
187,0.4888235485784097
188,1.267039864736968
189,0.8464650886420253
190,0.9846935005719539
191,0.821097182724688
192,0.1681483509626881
193,-0.4858007316735985
194,-0.5231706574133879
195,1.0377125848632598
196,-2.533310743539022
197,0.9106499086603923
198,-0.48496286081915185
199,-2.0523480292350813
200,0.181711122288432
201,-1.6033742725442273
202,-1.0508503132985585
203,1.5823543506874733
204,-1.28304232229937
205,-0.8188193303437387
206,-2.9401168044256583
207,0.9414410561281581
208,-0.7421170000246189
209,-0.9432328102421151
210,-0.12640629526094438
211,-0.0669132495527136
212,-0.9043909643247978
213,0.2771822374596715
214,-1.7301617066292674
215,-0.38186426114912464
216,0.1844249730493952
217,-0.36689730010501487
218,-1.1734974983423234
219,-0.8011039885232258
220,-1.1593832447618087
221,0.1881053910724606
222,-1.9373255495250497
223,-1.0060486368231947
224,-1.5196838741619456
225,-0.9716141631320474
226,-1.5105361495042757
227,-0.7219650017026253
228,-0.387083704055039
229,-0.25531655234560313
230,-1.0125825571718114
231,-0.014943710009629907
232,-1.3096195020346875
233,-0.548333425496681
234,-0.5941367316701678
235,-1.2111473331172584
236,-0.5101117759325406
237,0.8433632997266969
238,-1.2644252927883481
239,-0.17649086212791398
240,-2.3414363011088333
241,-0.2846686959897593
242,-0.9420614982317964
243,-0.1636924676363205
244,-1.0841505732739816
245,-1.6982120609699813
246,-1.573819855754693
247,-1.3822364741973256
248,-1.2599792312712745
249,-0.4779517996921967
250,-2.6323915504592
251,-2.5182113905511327
252,-2.0608348957662157
253,-2.1489298797574516
254,-0.7370422167461816
255,-1.6062178957545523
256,-2.0288005054888565
257,-0.25248467832053834
258,-0.9213370452374958
259,-2.431964821143422
260,-1.406849777670935
261,-1.025085519715074
262,-1.3485920016330595
263,-1.8467976574013578
264,-2.2749765462959854
265,-0.0020798557759886815
266,-1.431288672684837
267,-0.4759443337686815
268,-1.2230906164203827
269,0.3179218688714591
270,-0.44099677216177846
271,-2.665768413607611
272,-0.3708223852975243
273,-1.324523832842218
274,0.8226940610845597
275,-0.12119039523364217
276,-2.370442285688548
277,-0.08172102138523529
278,-1.0411519148620458
279,-0.46310757174960315
280,-0.9284897069903509
281,0.09084854237315332
282,-1.9366570245128267
283,-0.5931845080165439
284,-1.8154821555981042
285,-1.4223871853772514
286,-2.9855647774269136
287,-1.3323078361173761
288,-2.515392248994754
289,-1.008543632453251
290,-2.1374203296868917
291,0.5598981796858455
292,-1.551010451351671
293,0.41444107966524
294,-1.5327792993454175
295,-1.4186399233863918
296,-0.7383434133792788
297,0.28789933152850633
298,-1.1929225383242525
299,-1.2498967629875082
300,-1.8456583088885932
301,-2.659438849043841
302,-2.031132130225779
303,0.5670482309662412
304,0.8223777535910184
305,-1.341549118713699
306,-0.8532056722890895
307,-0.4818610442168395
308,0.5673659259678729
309,0.2699713599583078
310,-1.6235318951590356
311,-1.50628767087524
312,-2.606427231686327
313,-1.027978744372517
314,-0.8837389059496822
315,-0.9183635481389952
316,-1.6239554846797526
317,0.07193216688782089
318,1.3130753465461145
319,0.09932643327984625
320,-0.3803928648754663
321,0.515431121582284
322,0.1738175918278153
323,-0.8460901167373818
324,-0.7606426262608221
325,0.5453685681029228
326,-1.3218759867169343
327,0.0828746423323169
328,-1.190275562446499
329,-0.04549041812272059
330,-0.5663969538914321
331,-0.5309984470349813
332,-0.09569155342094149
333,-0.09823967874819262
334,-0.872785045397003
335,0.057693560943892164
336,-1.4681566611671903
337,0.5557572830613544
338,-0.39376899785382435
339,-0.2471523699032034
340,0.09411321823793806
341,0.893921269365316
342,-0.4008685931099988
343,0.0686856493850202
344,-0.832113500789428
345,-0.6448354789980939
346,-0.9198832863238914
347,2.4430034218436685
348,-1.040989075793218
349,-1.0701687063274485
350,0.6671062432448144
351,0.4937994140494995
352,-0.588748609599701
353,2.676223502549575
354,-2.5345421607984457
355,-0.04411998383140986
356,0.07277543849619589
357,1.6912633097542695
358,0.609378512061764
359,1.406205765641104
360,1.025274325149926
361,0.46509029312160255
362,-0.3562237628666798
363,-0.2041838002539148
364,1.7873947043864111
365,-0.8353643559553184
366,0.788203615786321
367,1.6739133264255535
368,0.7767953671463075
369,1.2460571680008972
370,2.017261377473164
371,2.25311524546263
372,0.21625494080607366
373,-0.17574090138703635
374,1.1865632283987608
375,0.8336417314862555
376,0.83361773473145
377,-0.5350649295947048
378,1.095956099838699
379,0.3076603345478899
380,2.7543875640176427
381,-0.52419404285724
382,1.3369959449414703
383,3.281612808896721
384,2.875300891007444
385,0.6725412286445973
386,0.2197818507424536
387,1.333040291079903
388,1.4257391154111425
389,2.2115975709978595
390,2.029278177889885
391,1.3096520483494611
392,2.2170092829020986
393,-0.08000177353242499
394,-0.1214365672967539
395,2.1881844784022597
396,1.472696498124072
397,2.7416270487244323
398,0.6095865543404695
399,0.6302944260018837
400,0.963531008713193
401,3.0350827047991475
402,1.3829930957825507
403,2.3643516808075153
404,-0.7021652085295575
405,1.5801014875205524
406,0.03728597566309477
407,0.6377977026758817
408,2.619220649485276
409,2.9155202787344727
410,2.3726119461384796
411,0.0077037149951693085
412,0.2676125401715159
413,2.0574000468240268
414,1.5628818325620433
415,2.1359483400482295
416,-0.004558659131705056
417,3.1597638501544854
418,1.9537301661735975
419,0.20294821919192407
420,0.31969783365868354
421,3.832751152918643
422,3.5095102470674906
423,1.041781602812281
424,1.527911223818166
425,-0.13841456715317157
426,1.7943131644965495
427,-0.8382699389957602
428,3.8349287682824684
429,2.958866660593009
430,1.849738683052038
431,0.3878011111195363
432,2.2345817487284854
433,2.2576197532192914
434,1.74030505887539
435,2.0312822279324956
436,3.8348605732715417
437,2.107336544542689
438,1.6730270898543411
439,1.883029700022365
440,2.8971095944043332
441,0.3518052776937721
442,2.9906490848910527
443,2.5834026136320283
444,2.1530077149679747
445,1.8663376553454576
446,2.4250408425589995
447,2.731694309501557
448,0.9045123595072371
449,4.8217073347666
450,3.6924966115789797
451,1.7784213958705215
452,2.1250719287304403
453,1.2680102084912805
454,4.252507102633972
455,0.8558108112081446
456,1.781239163424519
457,1.4625331327539604
458,2.073648326111919
459,2.1717278736272316
460,2.723454372602287
461,1.6437465389700452
462,3.5097347902705587
463,1.437323168825634
464,1.3254731729391591
465,2.127721459498157
466,1.9335389180215812
467,1.7582482926832932
468,3.134327937211352
469,4.087377602633376
470,2.761775860107755
471,3.519219647761284
472,2.0388318153271565
473,2.8401279105511863
474,1.0234865495882541
475,3.4052161015385964
476,1.129521784036514
477,2.196050729611561
478,2.351885768262864
479,2.8482427361386
480,1.829806770863502
481,3.4129315812354393
482,1.6784429507482348
483,1.6511398094494134
484,2.414050990042071
485,1.955796842652616
486,0.32270169806228655
487,0.9936242080610855
488,0.8290051512189258
489,2.7986915166265094
490,2.2012075799304394
491,3.4280098682738904
492,0.9596823702350701
493,3.5774824309757447
494,2.4242460493644966
495,2.9248325944597235
496,1.7987020572790273
497,1.1501088439314815
498,1.6558262090435043
499,2.3524345938585034
500,1.0100856991884464
501,1.1337103278623752
502,3.3558778253979322
503,2.0159929845618025
504,1.789466392271469
505,0.815070491136491
506,1.8429533965010663
507,1.6554225794997248
508,3.2716604735559223
509,0.547259846746242
510,4.7143292003448956
511,-0.43380574708717656
512,3.261053006294776
513,1.7965605867143328
514,1.7237151497242986
515,2.129859249199842
516,0.38706788621869004
517,0.7804265165889586
518,3.311793766884506
519,3.0446804717283475
520,0.9757758623072168
521,-0.07948369522999643
522,1.1821274843696425
523,2.988488173126346
524,4.391232247056165
525,0.8189053946475746
526,1.0106952361624497
527,0.9618398439682714
528,1.0397128987335316
529,1.6550942111330076
530,0.6147468818166519
531,1.925236252966241
532,0.9779021711207814
533,1.1797098235964842
534,1.84647832884175
535,0.7261859739048679
536,0.6585997006362949
537,2.1206065900253885
538,-0.6156631312944767
539,0.868590613632628
540,2.975144678854133
541,0.6869445381509651
542,2.082651508303385
543,1.0713180298624903
544,2.1534847945642626
545,0.40838667262802786
546,1.280401367795886
547,1.4717025680865656
548,2.2481424400388534
549,3.086401089012638
550,3.1646716531409425
551,-0.7179293736132986
552,1.2115780480372014
553,2.3090367245894767
554,1.9793793324209321
555,0.4030321500793177
556,0.9910057301257449
557,1.3812932446593384
558,0.5322149081567258
559,1.2244768421876442
560,0.7124119274272702
561,-0.2588265659210254
562,1.1797202487669383
563,1.222312662432215
564,-1.7785028478612315
565,0.5450047278292993
566,-0.24059516601846065
567,2.3562992117205344
568,0.06362069128365833
569,-0.5910800474139553
570,1.088318423298535
571,1.1750937456680166
572,-0.4337490759004463
573,-0.4720058321641316
574,0.5551543528066234
575,-0.6361509833095846
576,-1.2116986985850966
577,1.131791512679006
578,1.5605682821696738
579,2.152614243384066
580,-1.9757815755720327
581,-0.5786977003378866
582,1.2825192220088701
583,0.2250810140824584
584,-0.5990887106839522
585,0.2099034362158203
586,-0.2412944425333905
587,0.239006046366122
588,1.0239522552350704
589,0.2547252415198691
590,1.0637661065093624
591,0.27322740209581153
592,1.6459445524190486
593,-0.5198045681313381
594,-1.701412026500355
595,1.823502423104099
596,1.6566778870428756
597,0.80215216369563
598,0.9341904843560143
599,0.9557781490413757
600,1.1179423313100938
601,0.0980406908405691
602,0.1378974379708795
603,0.7949982852602988
604,2.0696105247332923
605,1.8250813064878142
606,0.35944927048151853
607,-0.18607585852617392
608,0.33699165237605677
609,-0.18653125868221299
610,0.32878161180250076
611,-0.09472952664202117
612,0.23977808545065937
613,-0.6185039685628715
614,-0.539722005343148
615,-0.1694274673937477
616,0.4284037775652242
617,-0.8878169217758036
618,0.01636394390111029
619,0.05342652621503641
620,0.8949315085825936
621,-0.11422628461464535
622,0.7286663720576257
623,1.2794249082101175
624,1.111682049256804
625,0.5210698225701591
626,0.6283450619889237
627,1.957875702138852
628,-0.7646195984973232
629,1.9073046399635825
630,0.7030855795024251
631,-0.41567295288994277
632,2.6082254941662364
633,1.5017030684169201
634,0.8062700582818325
635,0.4241082917467842
636,0.11759594739545753
637,-0.7271786753458613
638,0.9246057860997267
639,1.11529311764282
640,2.1538529542466502
641,1.7291886211976404
642,0.4014300539078789
643,0.2836465080104986
644,-0.03759139870551653
645,0.5791859004669082
646,0.5539606636967364
647,0.12170065178650824
648,1.3238302954878234
649,0.1837658792551473
650,1.0454655585349184
651,0.2501849548281917
652,1.2991727561231425
653,0.3858913227477285
654,0.6928066737719792
655,-0.16752941757418904
656,1.532618895116025
657,1.2932715549313283
658,1.459262318246054
659,1.9162983259646325
660,1.2666346698235942
661,1.7387093485624217
662,1.0296853687539747
663,0.9415044842662382
664,1.1636293344678101
665,1.0366669285112367
666,0.9033810735201688
667,1.972177569810306
668,0.7143027248119721
669,1.8751924119712515
670,1.5326119435287122
671,0.7174531762805616
672,0.770077039554647
673,0.49754977981602555
674,1.2358525179994273
675,1.120103367638431
676,0.47199924323590814
677,1.2933551083061943
678,1.0060686529152227
679,1.6114525510574693
680,1.8515071042042497
681,1.5140072338693713
682,1.295491347074992
683,2.5525489788436806
684,0.8776218673019592
685,-0.6111415177424868
686,1.2610529128564703
687,1.3711428089210425
688,4.433949792625665
689,-0.31345374419839334
690,2.4101027120149126
691,2.1611792378525845
692,1.7564199214207579
693,3.0868386853212226
694,1.5755797413625248
695,2.0652897298104484
696,1.0467788984157984
697,1.4558391158635189
698,2.2210142063310845
699,1.777039489194143
700,4.712690661104418
701,0.699551657389976
702,1.9682205760106666
703,1.8709259900685122
704,1.673054735629405
705,3.261640960048317
706,2.7046003413772546
707,1.0651364394132379
708,1.8792407798661843
709,2.417430137303846
710,2.004630892701362
711,1.1540115224681526
712,1.5655080285837628
713,1.6256168461662275
714,2.333462183712458
715,1.4952591516259952
716,2.618305727477253
717,3.531529196422191
718,2.2911394165985257
719,3.645754984599023
720,2.53677536188582
721,3.4505160197498395
722,3.799319438539105
723,3.3126350023482765
724,5.2562914273002495
725,2.5883170510475324
726,3.9940963160452427
727,2.5505515896822044
728,3.0000861821135936
729,1.9580079767247032
730,2.2903475805717823
731,2.380109263935015
732,3.082507497623908
733,3.0493961723647756
734,2.210597090497025
735,2.492331049774968
736,2.3907658726233114
737,2.417246503176349
738,4.092335218725983
739,4.4201415330609635
740,3.431583964589432
741,2.944074822551299
742,3.1443604094916253
743,3.8683570022776324
744,4.233469097406916
745,2.9025842741679124
746,3.057663764181051
747,3.802725351583189
748,5.104233200085167
749,1.229353950007681
750,2.9289247953096855
751,4.054489875570529
752,5.174883464070772
753,3.159620001995157
754,3.3440149819476157
755,4.613254506431176
756,5.007124588382688
757,4.519670580131741
758,4.579726008428205
759,5.451830081173301
760,4.683366418356877
761,5.955387717992066
762,4.4656163665732835
763,3.3172972927112503
764,3.5587109427035486
765,5.313748894424908
766,3.245365000585334
767,3.99886658135028
768,3.8442135054524917
769,4.359269001747929
770,5.3220591209874675
771,3.6389592698798365
772,4.149905166330793
773,6.778536318004486
774,5.128736730910333
775,5.154926482037041
776,6.169548106266648
777,4.766893403073475
778,4.182595997705656
779,5.870271538036253
780,3.7114185169516634
781,4.801050757727178
782,4.448044212163495
783,5.297889148203083
784,5.216509770983785
785,5.385798841283332
786,4.7617920160715554
787,4.939970463049674
788,5.3242627383550225
789,5.464825853782507
790,4.096025348998862
791,5.362785661072636
792,3.507346417007764
793,5.1292281561116635
794,5.867662830920866
795,4.820839286322567
796,7.029906193078605
797,3.413444328323965
798,5.296853228389529
799,6.744438119882641
800,5.710039678527514
801,5.3172070805704035
802,6.252408045049732
803,6.965172703940777
804,6.067294109842316
805,4.663019739175065
806,6.246850710004079
807,4.247953688464101
808,4.657488685611431
809,4.776601941012175
810,5.240724141466356
811,7.219758891402832
812,4.433013967171634
813,7.205420755275877
814,6.402458671518846
815,6.803443192775678
816,4.822653363831334
817,4.782899579796671
818,5.956372992092373
819,7.404525636633476
820,6.765842677232939
821,5.28712578661491
822,6.631602859819124
823,7.023871065511501
824,7.766659525054965
825,5.721350224082351
826,4.1734776450105215
827,3.5340728216539867
828,5.324657992053835
829,7.830109168904104
830,6.63287552456136
831,5.418214855943518
832,5.354704471238693
833,5.487649363135363
834,8.344174108323234
835,6.082386107361357
836,5.978903811847874
837,6.9578607335675535
838,6.780867673736124
839,5.507599240136441
840,5.343226071909073
841,5.584179049930502
842,6.738624416390223
843,6.268863829425396
844,7.507189044503076
845,5.151525918848506
846,4.922619736199005
847,7.415325049095962
848,7.864409928809229
849,6.433458057917489
850,6.13927807786835
851,5.862321654913882
852,5.488292713722569
853,6.391486925107276
854,6.337910880684923
855,7.1526641264009845
856,4.621526338378123
857,6.057574535250702
858,7.728390274468127
859,4.040542933767239
860,4.274169036776589
861,6.144607729791378
862,4.753240216903377
863,3.8971954315161317
864,5.159174432500338
865,4.833323571619857
866,6.170546857779377
867,5.139952347935593
868,6.383844036787473
869,3.919343304692318
870,6.201105796043963
871,6.00927566294682
872,4.627844141649239
873,6.665717815115227
874,5.728274750505925
875,5.753200650888223
876,7.389108734357608
877,5.383718025283913
878,6.173157737566758
879,4.506773361532499
880,5.490523474255788
881,7.516778750946946
882,6.336788844362837
883,5.092028987354929
884,5.73146570415625
885,7.772703931523375
886,5.937623601393324
887,5.555400408543126
888,5.295326699699551
889,5.1193884176247595
890,5.439683643394282
891,6.427475542520479
892,5.0621715087875785
893,6.266143173045281
894,5.120171908611855
895,5.429567888113343
896,6.2944511077190635
897,5.719260149891717
898,4.573737238497383
899,6.0425036601009
900,4.011692010211027
901,4.519819826210038
902,6.242759074044278
903,5.121336447657942
904,6.699779172112489
905,6.056831602581827
906,4.337514595879873
907,5.8361624420677325
908,4.978654062550688
909,4.432716876495533
910,3.3733767377034787
911,4.992487595842636
912,5.922407560379774
913,5.91557705131649
914,5.362626844746753
915,6.322858255390959
916,5.141417725410688
917,5.577791443473838
918,5.553785547890319
919,5.418778891670807
920,5.317795562187807
921,4.2473405039829775
922,4.102595282932425
923,6.138799329352006
924,5.3180920759753505
925,5.950889207006467
926,5.462997078571698
927,6.200963864609322
928,5.416436488875658
929,2.936497894494517
930,3.4489720855342654
931,3.466251813258585
932,4.994861327541823
933,6.269006864949406
934,3.8339128943232152
935,4.919298408131154
936,6.796146255090776
937,5.265915209078265
938,4.688016904731109
939,4.645250701806896
940,5.1115788007384255
941,5.353769488284382
942,5.7056961943698035
943,2.58678886211157
944,4.069853406769392
945,7.741361432183929
946,3.2412655680232394
947,4.2014467066956085
948,3.333760345454436
949,4.510147489255154
950,4.165840969122052
951,4.576566641718757
952,5.031855611079968
953,4.5967664932148065
954,3.017676072526204
955,5.013031987624096
956,3.835325052878055
957,5.773875343384656
958,4.765231472262766
959,5.512351379847418
960,4.381136116711482
961,4.081629503827078
962,5.305251548677371
963,4.489171498322114
964,4.882623877136174
965,4.310016871197463
966,3.5659996446433206
967,3.5909982224346906
968,3.927087615441917
969,2.920801891996734
970,3.8965733468639314
971,2.952847035781163
972,3.4983251766805306
973,2.9382803484494553
974,1.9054165520737922
975,4.435620547248593
976,4.681062346014654
977,5.602914649239011
978,4.1455287746875005
979,3.0708642262731165
980,3.3694839602507054
981,3.3583482619028207
982,3.8768336970396318
983,5.31039130860045
984,4.272666928519943
985,5.529080153298267
986,5.362355496813427
987,3.491951301373867
988,4.841268378529694
989,4.15286953512312
990,3.1254373656949888
991,4.171551602507209
992,4.465192977527447
993,2.757635850787003
994,3.3149168819794026
995,2.957692837480549
996,4.835469709140887
997,3.646174573803094
998,5.604330897488676
999,5.245593342856926
1000,4.000393218956177
1001,3.945214006768251
1002,4.34404028222737
1003,4.411292820938959
1004,5.025844932016553
1005,3.5810934652088187
1006,4.5359975360813145
1007,4.049908197335751
1008,4.671109651066099
1009,4.051970826495567
1010,3.1146968474007135
1011,4.694635164248482
1012,2.903793292954564
1013,4.256519532535676
1014,4.626125371474084
1015,4.263686688613262
1016,3.765265815024393
1017,4.787810204117855
1018,3.0468696260580757
1019,6.7078441697057425
1020,5.374590295344878
1021,4.231809293849274
1022,5.371603177523017
1023,4.8352764388133185
1024,5.52067575397446
1025,3.7144010976420527
1026,3.0455556031682365
1027,4.977251875659401
1028,4.748461823257207
1029,5.868582657510891
1030,3.161387795387184
1031,5.477984530869302
1032,3.856756553873367
1033,2.8078256713100016
1034,5.672702639561665
1035,4.577369825659318
1036,4.453072212424501
1037,4.939612222137756
1038,3.9539361462263365
1039,3.578552711392308
1040,4.161574370079073
1041,3.6631347030767505
1042,5.586799418097698
1043,4.639657374785527
1044,5.733072615220248
1045,5.00389256161557
1046,3.9705901467123774
1047,3.7154833693534925
1048,3.9631904991195905
1049,6.35527292917355
1050,4.031115939849913
1051,4.331424248358337
1052,3.9246005195745886
1053,3.379446626889128
1054,4.655948159919387
1055,6.087403658316722
1056,5.184098044741392
1057,5.353466808069096
1058,4.088500288990961
1059,4.881100633154968
1060,4.1464015011315585
1061,7.238726640070569
1062,4.889283805076128
1063,6.517411783398565
1064,3.591782656479955
1065,5.163014092240058
1066,6.233853163906937
1067,4.307544186532466
1068,2.3732883190074556
1069,5.16050310609975
1070,7.950301622921163
1071,6.217990435693209
1072,4.7851926085145156
1073,6.6925260411591445
1074,4.819535787487648
1075,5.527344021995328
1076,4.638708220913397
1077,5.062146248592662
1078,5.3578416223385465
1079,6.022459539886036
1080,5.7641271600584405
1081,6.798925888327199
1082,6.248619173008976
1083,5.060393412379616
1084,4.2258564346934016
1085,5.552060364123728
1086,6.091039490380113
1087,4.3709459999157305
1088,6.744765227405157
1089,5.676709374552476
1090,4.660102776509409
1091,5.733699903820135
1092,4.936589447582009
1093,5.610588015536604
1094,5.648149891071149
1095,5.259654337480136
1096,6.151372342246145
1097,7.308587917089596
1098,5.207875452597543
1099,6.950929859504085
1100,4.973227746976468
1101,6.109280371091065
1102,7.829175493290327
1103,6.622425274062227
1104,7.1889722901866655
1105,6.1522079846920255
1106,5.182342037769881
1107,7.298119798746041
1108,6.628878476335968
1109,5.4911867852309815
1110,5.310894439112117
1111,7.105256419062211
1112,5.3877749682673155
1113,5.400303832936076
1114,6.221481835776634
1115,7.228606861076699
1116,5.301772702930183
1117,7.666349486244441
1118,6.042503578782725
1119,6.288784051260988
1120,5.564618840254806
1121,8.127011869964075
1122,6.885643747692121
1123,5.132062688541497
1124,8.228437097901255
1125,6.783819492012659
1126,6.452840407533442
1127,7.55418003095139
1128,5.497652236275807
1129,5.759833215047634
1130,6.839732960034138
1131,7.281638368161063
1132,5.936285039597738
1133,7.538424956727576
1134,7.384456191084707
1135,7.6576852374550795
1136,8.371360309373431
1137,6.760344583598846
1138,9.089504576744057
1139,7.6688742767411515
1140,6.255166426815878
1141,7.803178738321679
1142,7.685588407540362
1143,5.98507946049088
1144,9.40862404935493
1145,6.213768083370992
1146,6.8628744666671295
1147,6.052979525104212
1148,7.697067974616908
1149,6.163687626986691
1150,7.030036200656479
1151,7.642735682459689
1152,8.075935675129976
1153,6.614207330168678
1154,7.542315635302837
1155,7.382477275792067
1156,6.391318807395573
1157,6.718574313499296
1158,7.167344149892211
1159,6.1598232926856955
1160,7.880762622133009
1161,7.751206942929395
1162,7.919524293462686
1163,6.862810220306631
1164,5.909544535895806
1165,7.4652035822761045
1166,7.605781235368371
1167,6.783649552970615
1168,7.231839649352382
1169,7.819585097335703
1170,6.707919652424501
1171,6.917112723060833
1172,7.57658401925187
1173,7.5561123496199825
1174,6.527724487797986
1175,6.012493182380304
1176,6.390982271685807
1177,4.893677162406924
1178,8.139334879755744
1179,7.475663685347945
1180,7.610436607528939
1181,6.837677822182811
1182,8.101464263540477
1183,8.120015425007455
1184,5.612199318887342
1185,6.3209844809838875
1186,5.0421609099130364
1187,7.84485784775231
1188,7.23148445614689
1189,7.50130725176403
1190,6.422560997872335
1191,8.903786502968048
1192,7.112431982107081
1193,8.46237280104301
1194,7.707642201879781
1195,7.807799910701517
1196,6.874632849442199
1197,7.549567134189804
1198,6.662959126549472
1199,8.388122588920545
1200,7.384261492529348
1201,6.297570408086662
1202,8.081452155427757
1203,6.66513767829011
1204,7.530471648620425
1205,4.990758448566336
1206,8.601171147063647
1207,7.856217702816999
1208,8.845576431858575
1209,8.458648148759965
1210,4.731057290984225
1211,8.03366911519831
1212,9.555460674210572
1213,7.642219824422601
1214,7.714397504149558
1215,7.576661658549318
1216,7.104697785783472
1217,7.254634589122905
1218,7.624542281533579
1219,6.320209602952211
1220,8.175459004665877
1221,7.605267481676748
1222,6.605977544296127
1223,7.609017508024302
1224,5.041743644293718
1225,7.405554887416454
1226,7.768398927134639
1227,9.82056246270552
1228,7.955813683850743
1229,7.91890140032084
1230,8.071938461014456
1231,7.639336395758969
1232,8.088299457699426
1233,6.47794800985543
1234,6.110033825127764
1235,7.807377955502148
1236,8.43897881871002
1237,8.242532374466586
1238,6.3935897997930375
1239,7.27728180850614
1240,4.639927623498716
1241,7.491818229915028
1242,6.753292584118945
1243,7.109761086302981
1244,7.28202724765896
1245,7.861586500321475
1246,6.1632642603695285
1247,7.170064838415273
1248,7.88343632721941
1249,5.000860324757404
1250,3.8347197147810363
1251,5.9356349987981
1252,5.8901753627382325
1253,5.304867117827073
1254,6.97995640495344
1255,8.072159071247553
1256,6.19982817147376
1257,6.7276761729604635
1258,6.701543562438859
1259,5.3599102245198385
1260,6.919276245973215
1261,7.8115575464683
1262,6.484475817537314
1263,7.245062675133566
1264,7.276978504417487
1265,7.4857953041797725
1266,5.813649840520814
1267,5.867845409107511
1268,6.645053130492578
1269,5.636802101063279
1270,6.767260350853201
1271,6.661893502007512
1272,6.787224543149865
1273,5.982990647092345
1274,6.811429355885786
1275,5.2383856142049625
1276,4.299423823029882
1277,7.660275421643796
1278,6.517132028540322
1279,6.2651824361751896
1280,5.16874182098424
1281,7.796066703041311
1282,7.419914283404072
1283,6.572566061080753
1284,7.567811398705333
1285,7.342215317118134
1286,6.6001417237259306
1287,5.96958482151125
1288,6.06149997149036
1289,7.00902751865152
1290,5.8355864398366
1291,4.842434734677052
1292,6.06536735099888
1293,6.839338332971328
1294,5.368998736269321
1295,6.945482881878329
1296,6.17019664042498
1297,5.191656742977646
1298,6.865879497017456
1299,6.425798548620382
1300,5.665877998489823
1301,5.691525955781526
1302,5.067768478901504
1303,4.421928377966571
1304,5.6184769444469715
1305,4.940474134395331
1306,7.5589859089935505
1307,4.1541198241530575
1308,5.051817364151159
1309,6.055628122143365
1310,5.628558147953943
1311,5.216659812710163
1312,6.623970706435677
1313,5.603018614318493
1314,5.7559556226327135
1315,5.1933625202469464
1316,5.783048081280742
1317,4.970560307396384
1318,6.232584324081765
1319,5.305977500775622
1320,6.398828830347641
1321,6.385353941383949
1322,6.011839441871888
1323,5.11104951994067
1324,6.001304154526499
1325,5.526911639817996
1326,5.404140685130291
1327,5.942434792947321
1328,4.656369611316306
1329,5.84398492276632
1330,5.257939855816078
1331,5.671381745938825
1332,6.674068765614683
1333,4.058671786622066
1334,5.1585414811854395
1335,4.989120761986665
1336,5.973772599866332
1337,5.018758420805806
1338,4.7076462673919615
1339,5.843553182734745
1340,6.765161783566777
1341,7.318510765771263
1342,6.619618001926517
1343,4.976537615927114
1344,4.806077577032994
1345,6.985284174608726
1346,8.188953897131421
1347,4.751431761160607
1348,4.131750487279046
1349,5.520035334871124
1350,5.371751779437888
1351,6.340560021973525
1352,4.859650045902269
1353,6.851803651152627
1354,5.176429361699704
1355,6.363162581054286
1356,5.466679937893212
1357,5.191056281647112
1358,5.560692370517997
1359,4.387992327467458
1360,5.07567352156086
1361,6.519219372789958
1362,6.180105703302953
1363,5.406565065350622
1364,5.678947993793535
1365,5.878846447514776
1366,4.717229211617252
1367,5.2639173105594255
1368,6.138806141912784
1369,6.896083308293144
1370,6.013751793325169
1371,5.542995914507239
1372,5.529990050649944
1373,6.610427137342261
1374,5.63025181992216
1375,5.6762300541446535
1376,6.436285016715049
1377,6.059352977262797
1378,4.357681685970035
1379,4.34285698085998
1380,5.699345356586306
1381,3.869149793030782
1382,7.570048645014278
1383,6.985903543705544
1384,5.3683054257367955
1385,6.53319548411741
1386,6.368432652282823
1387,6.634042132149505
1388,6.831762020987437
1389,5.095017707709168
1390,5.1269880938101
1391,5.222556766093162
1392,7.550877457692211
1393,4.9267870851219095
1394,6.331936831548974
1395,6.409794338268907
1396,6.574753307799653
1397,7.5130883247496065
1398,5.6234700806909945
1399,7.4366577713027
1400,6.98088837079036
1401,5.731969891753898
1402,6.9257077901441875
1403,6.006909920150195
1404,5.287052850125299
1405,7.903827580892506
1406,6.187375427186893
1407,5.545371887955291
1408,8.312473335030221
1409,6.397924957728261
1410,9.004733145287581
1411,7.443459623098037
1412,7.0410552434560785
1413,8.465388858307321
1414,9.002092934017046
1415,8.469896238200363
1416,4.822477663076964
1417,6.7674647013235365
1418,6.791967558155645
1419,7.596720684988881
1420,8.343753342790073
1421,6.04835072295217
1422,6.154957204325276
1423,7.138301365517416
1424,6.673904557467038
1425,8.05018250076331
1426,5.484619284512487
1427,7.903687021944519
1428,6.54342871145916
1429,7.408987075384276
1430,7.7781227657631575
1431,6.979277429294408
1432,8.241900024180362
1433,7.068695677306736
1434,7.37663429911416
1435,6.014779469053709
1436,7.817894310485091
1437,5.726902409496741
1438,8.567850593631137
1439,7.064955698454117
1440,7.6954563771153035
1441,8.22656824952114
1442,8.895326124028822
1443,7.141665985351074
1444,8.338485674462495
1445,7.760521328258792
1446,7.33439908114377
1447,9.303409759784392
1448,9.257226678675659
1449,8.79672169134767
1450,8.572034951292753
1451,6.965133349882463
1452,7.609649343203877
1453,7.647988310416666
1454,9.320880967539331
1455,7.9809487270386485
1456,10.025794196520181
1457,9.690306753323007
1458,7.142743799803435
1459,8.94060560978097
1460,6.8286323885631095
1461,11.401699796819688
1462,7.720070844649699
1463,8.564622641330256
1464,7.729653393493533
1465,9.534353574409401
1466,8.149313567231333
1467,8.035349838177387
1468,7.532287042008715
1469,8.1452576444067
1470,8.826641062489491
1471,9.173023894120325
1472,9.35007768594383
1473,10.814388591627612
1474,9.306873781121416
1475,9.763353761229965
1476,10.754951307952062
1477,9.351691465220394
1478,10.81965218262668
1479,9.313654849699272
1480,8.541669238109815
1481,8.14442141675039
1482,10.256445080603475
1483,8.403038887492201
1484,10.280830293900259
1485,8.064145898681145
1486,8.180557874243405
1487,9.227757293432548
1488,10.042216933140965
1489,8.899624093709763
1490,10.811965158789492
1491,9.659204632497174
1492,9.957314467276944
1493,10.883925577915177
1494,8.749019566007197
1495,10.623270944546787
1496,9.906496089503378
1497,9.227029592883119
1498,9.580544713227617
1499,8.052754493602214
1500,10.982892925426595
1501,8.282337070376453
1502,10.67465152573586
1503,9.837740998673723
1504,10.199198517946693
1505,11.636759828829621
1506,10.561117828264248
1507,10.922919885589483
1508,9.230281562951394
1509,11.540952926581348
1510,11.002272249884767
1511,9.350753518285106
1512,8.890298519122883
1513,10.56183882226126
1514,10.421340628905234
1515,11.4669996768076
1516,8.68261927975239
1517,11.009209259393984
1518,11.216459554163448
1519,10.200280716371815
1520,11.585615767821386
1521,8.956533103349475
1522,9.941051793376928
1523,10.908524367905851
1524,11.181052277591984
1525,10.120738696556467
1526,12.25899559012028
1527,11.082695870811001
1528,9.67875158153396
1529,11.599976003570042
1530,10.502298165241246
1531,10.542809359068665
1532,10.17594712653535
1533,12.498067108760049
1534,10.7761814931479
1535,11.644693359017394
1536,10.752893135775684
1537,11.2911497461806
1538,10.010751931396463
1539,11.88845381469429
1540,10.644213355950825
1541,10.801311370463901
1542,10.210496588604686
1543,10.491363738350268
1544,12.222572314376071
1545,10.503144324004335
1546,11.410760666926464
1547,11.77076914200304
1548,9.5802108976722
1549,12.119474889018026
1550,11.90483406610089
1551,11.549670219616807
1552,9.328295014578712
1553,10.215756816532586
1554,10.894515544100713
1555,9.807930326426723
1556,11.448791089065079
1557,10.986533728361712
1558,12.355822405962355
1559,10.176058220201348
1560,10.606451971650957
1561,11.847144428629985
1562,13.30256371125721
1563,10.278339513087598
1564,12.060558594788883
1565,11.867376491351123
1566,12.300719071993072
1567,11.970897619766058
1568,11.269144064605984
1569,12.032215929491231
1570,10.535043838540448
1571,10.53450388522502
1572,8.179004245100453
1573,9.694469615773544
1574,11.341297443230287
1575,9.807558288013734
1576,11.133028621500848
1577,11.703637550271417
1578,11.432473067741787
1579,11.913382587995098
1580,10.539093302800007
1581,11.738549083336295
1582,11.96552487204086
1583,11.25253595651965
1584,10.251698252697343
1585,11.548971604640233
1586,9.377956402973744
1587,10.621990041370806
1588,11.305776228639067
1589,8.921409599116682
1590,9.969378572922869
1591,12.869924087897646
1592,9.663714916529722
1593,11.434920052095018
1594,11.361697044690075
1595,10.746286828259201
1596,12.33959000747329
1597,10.387833679486818
1598,11.341215808828691
1599,12.128522424466205
1600,10.921076699822997
1601,9.710040983747481
1602,11.58373537873816
1603,9.831496350536622
1604,11.644557856000196
1605,10.345295631656652
1606,12.931769024708316
1607,10.089894538109782
1608,10.669260903586997
1609,11.93775441580809
1610,12.351859631970067
1611,11.175300272833555
1612,10.179629553222698
1613,11.732865760030771
1614,11.43326028601184
1615,12.22293906459446
1616,11.27881589832151
1617,10.074070192679448
1618,8.765433430704272
1619,11.100073895802595
1620,8.875307272792405
1621,11.09975967709695
1622,13.646591149262871
1623,11.074423197408871
1624,10.249568784373148
1625,9.988423082095535
1626,8.407897346574963
1627,10.742104452990656
1628,9.833776688864706
1629,12.461778425584638
1630,10.757824860313425
1631,10.460938153129446
1632,9.677446090586438
1633,11.407452741620311
1634,9.28431689045743
1635,10.129816527866991
1636,10.319269661612157
1637,8.97165912037399
1638,10.289406956226975
1639,10.937508838218834
1640,9.754762511947085
1641,12.662981007935388
1642,10.149064870807576
1643,9.836763592367
1644,10.080672458040175
1645,9.360165904227053
1646,10.27025457940751
1647,9.252267330120313
1648,11.439020509153348
1649,10.471021469666217
1650,9.816038391793482
1651,10.358004806159673
1652,10.32616364354172
1653,10.040922948312781
1654,10.530995907534011
1655,10.810811635285976
1656,10.780156229222985
1657,8.35824773795114
1658,10.18215051658633
1659,8.986787327265178
1660,10.06790997318525
1661,8.891667735823642
1662,8.376191314703025
1663,12.642209813636313
1664,10.554859184241579
1665,10.336927250612556
1666,10.119229082764654
1667,8.56006021145312
1668,10.968363848356203
1669,7.406556345769437
1670,8.51150695094165
1671,9.32700657342868
1672,10.366001683465523
1673,8.68672090863299
1674,10.446353213123277
1675,8.368249622459569
1676,10.366342826557531
1677,9.15340263203896
1678,9.640768191818898
1679,11.085058586323937
1680,8.461798452737819
1681,10.066129793668388
1682,8.871639571430324
1683,9.813903743120532
1684,9.900091609623775
1685,8.631410411154224
1686,9.53981683958617
1687,9.203998536728152
1688,10.805305791823947
1689,7.1435712741694655
1690,9.298156478521253
1691,8.992160457551785
1692,9.804209005753341
1693,9.868998409244256
1694,9.273573626886366
1695,9.274026842229201
1696,8.317891791470844
1697,9.675125168244678
1698,10.79486436781432
1699,8.838801654568995
1700,9.718251247382469
1701,9.819134967305988
1702,9.181018845971698
1703,11.06301912540229
1704,9.152065619242032
1705,11.110107339525614
1706,10.100705386994328
1707,9.843916424340497
1708,9.238615397740569
1709,9.090983072571964
1710,7.254082457708206
1711,9.191968739228695
1712,9.283459064658658
1713,10.192500618623937
1714,9.541180061310165
1715,9.582129495416984
1716,9.028979864454945
1717,8.144905134181924
1718,8.84927374619494
1719,9.70786329664955
1720,10.008884438057708
1721,7.07346883136063
1722,9.58204706501527
1723,8.213026809320354
1724,7.953784990458104
1725,8.50790631716097
1726,10.14904203566721
1727,7.503625597309759
1728,9.675208980414427
1729,8.560052102177425
1730,9.424799550662895
1731,8.516918423513518
1732,9.17020696725469
1733,10.839056111964164
1734,10.931722188863487
1735,11.330591664620226
1736,9.131539203175112
1737,10.8197150588898
1738,9.720734731629484
1739,8.465543807745213
1740,9.308933664690375
1741,9.756649109397186
1742,9.223977677891028
1743,10.176376980313892
1744,9.047131811780426
1745,10.372458474940855
1746,10.006179500769989
1747,8.828859346469036
1748,7.987980788178604
1749,9.092733522011859
1750,9.852263585659312
1751,10.92459433676748
1752,9.71401323023771
1753,9.708989307610988
1754,9.780204579581007
1755,9.09003215277918
1756,8.71661656484128
1757,9.694701026918121
1758,11.298191028946507
1759,10.178022717529295
1760,9.516740607875375
1761,10.01314528535108
1762,9.005392054248807
1763,11.593713820918627
1764,10.696686220721784
1765,9.490688727308047
1766,8.281620162089272
1767,10.09299580767684
1768,10.56437573664707
1769,9.619368193362158
1770,10.792238492789288
1771,10.365638345824976
1772,10.346950452243233
1773,10.314831293618466
1774,8.394906965454382
1775,10.800608325695519
1776,9.0524186677168
1777,8.063350126484831
1778,9.887446341774456
1779,9.05346855103257
1780,9.654916462253436
1781,10.451669498413118
1782,11.074127803127672
1783,10.808860465689385
1784,10.749015632687367
1785,10.764040494276172
1786,8.93879071782652
1787,10.173780771897153
1788,11.101108823893505
1789,8.25242669459508
1790,10.0249573020189
1791,10.27393868079688
1792,9.971131675767715
1793,10.318455344449761
1794,9.395975515047883
1795,9.457323523529379
1796,11.06954957444508
1797,9.999323635348112
1798,9.377975654252312
1799,9.109548840052344
1800,8.221990513079804
1801,11.244894784537406
1802,9.308521510424834
1803,11.821135810425053
1804,9.32060780053602
1805,11.121087635587777
1806,10.483772438835645
1807,10.833881454953763
1808,11.500263866182463
1809,11.48287672110077
1810,10.040481489415185
1811,9.671163067659176
1812,10.80844032606648
1813,10.19496623097542
1814,11.26139557610342
1815,11.637812851206967
1816,11.86437810725967
1817,11.634307189329164
1818,11.116167056545432
1819,10.962187887164946
1820,9.410894097486036
1821,11.167986827304258
1822,10.360303000720865
1823,10.814385945059513
1824,12.019516656484294
1825,11.707305414722688
1826,11.703504607177196
1827,11.543195771383173
1828,10.240719025267865
1829,11.665101613261854
1830,12.043094042646949
1831,10.509503851337987
1832,10.77355416975914
1833,11.341822691978727
1834,11.436678225718023
1835,12.105169614153194
1836,10.697159399430221
1837,10.846691444732208
1838,12.338988148749003
1839,11.952168562464296
1840,12.013549453414253
1841,11.374018920863113
1842,10.890928578717315
1843,11.345387172541457
1844,11.246017472451639
1845,10.17975183418977
1846,11.170150615985838
1847,14.071074079154567
1848,11.34545747067115
1849,10.351516362011017
1850,11.85050676389201
1851,10.661401768206414
1852,10.55211671785792
1853,10.503072669150624
1854,10.766047798089614
1855,9.51807269704172
1856,10.242067908104502
1857,11.710039984137898
1858,10.695205294572174
1859,11.495992807700846
1860,11.33883783932865
1861,11.286321570190381
1862,12.026597963857915
1863,11.449915417378994
1864,11.572989644243862
1865,9.967375596211681
1866,12.355451661298535
1867,13.657132239471604
1868,11.40497400164047
1869,11.999220381079539
1870,12.694942519765235
1871,11.095329247127294
1872,10.840887370630858
1873,12.551155024803844
1874,12.53531925026848
1875,11.888853232749698
1876,12.498551099013284
1877,12.960496937330417
1878,11.612446285600253
1879,11.901823822142287
1880,12.168494780023291
1881,13.656889049487965
1882,13.566425844550746
1883,13.23859061350501
1884,12.62719455017327
1885,13.556408783158734
1886,13.183859029934869
1887,12.675684344702399
1888,12.326549851808219
1889,13.347440332979913
1890,13.030856800726704
1891,12.310520945997867
1892,13.870083489947383
1893,13.052939834475993
1894,12.87904377357793
1895,12.14073975810225
1896,12.765152989614384
1897,12.854993900338634
1898,13.876807262948713
1899,14.5052293889381
1900,11.737991998510694
1901,13.008645697309944
1902,12.952376280581646
1903,12.787078156577822
1904,13.594063123347139
1905,13.40301563088573
1906,14.231122377370284
1907,12.47035786059752
1908,12.394682474428254
1909,12.139248423567286
1910,14.231262143119382
1911,14.824934181868148
1912,11.189532751461966
1913,11.923465543684763
1914,9.96305741088589
1915,15.499540568196755
1916,12.906419375710934
1917,12.032289029671905
1918,10.815289694918224
1919,13.722057212524618
1920,13.431950706511978
1921,12.207301436566599
1922,12.532107361746082
1923,13.104766811635828
1924,12.938610144923704
1925,11.661679730349814
1926,12.872488808780881
1927,14.423937832844981
1928,12.147525874128185
1929,12.309899181951522
1930,12.710308749036821
1931,12.85454429794543
1932,11.012053298030064
1933,13.393521501087672
1934,12.508188541474437
1935,14.24811880131174
1936,11.509854470055004
1937,13.02676532696646
1938,12.886037859561812
1939,11.73679706298871
1940,11.762949809221027
1941,13.101480650663714
1942,11.467067262093
1943,13.438401672734303
1944,12.583381459550074
1945,13.00085008516355
1946,14.533625935094182
1947,12.438438730542352
1948,13.89611559114202
1949,13.198886949379663
1950,11.547417741431959
1951,11.666431101974382
1952,11.48356939866555
1953,12.859099719297594
1954,11.397994335626725
1955,12.727238891185337
1956,14.141519665085955
1957,12.55037166243673
1958,12.933042470055792
1959,11.037506772515535
1960,12.602519966978285
1961,13.82527492785324
1962,11.067087084098825
1963,12.468325996487728
1964,11.838359556230365
1965,12.772765058149329
1966,13.332443174535246
1967,13.60590100349198
1968,9.815305024864124
1969,13.471910365921087
1970,12.698129186619731
1971,11.785931792045805
1972,13.660943712775724
1973,12.628042527273157
1974,12.04484349269356
1975,13.521678623294747
1976,10.337379308860593
1977,14.394801774126257
1978,12.319006927744848
1979,12.288340553047842
1980,12.076164382706208
1981,11.469951278147349
1982,10.88170778490264
1983,11.82660947045615
1984,12.097192424495901
1985,12.200471394979553
1986,12.963758561273757
1987,12.758815165629498
1988,12.511999491568357
1989,10.068734720276883
1990,9.802322387685713
1991,11.732909848220704
1992,11.991931119057186
1993,12.230681715276706
1994,10.979235793983475
1995,12.672516889006499
1996,12.045910197929414
1997,11.473293855507793
1998,10.022584782859397
1999,10.817337923929365
2000,13.839185663492712
2001,10.400773893908571
2002,12.43828946158163
2003,11.31068693027671
2004,11.142901976580392
2005,10.937543240811777
2006,9.945559077165626
2007,10.700567217569834
2008,10.819092077107129
2009,10.453284240896663
2010,11.151143548949175
2011,11.985346976086253
2012,10.621048567024335
2013,11.338124145641126
2014,9.331570103112865
2015,11.490369308806315
2016,11.452026519799816
2017,11.539973370608719
2018,11.75522534976256
2019,9.74805128982204
2020,10.382105252357483
2021,11.3050364158104
2022,10.026827580245023
2023,11.602257543602152
2024,10.451647208601772
2025,10.12210958823086
2026,11.190150180406674
2027,10.543950736411954
2028,11.623614014472167
2029,12.218852823250264
2030,8.4111300546878
2031,10.608492372572286
2032,11.70182111725919
2033,11.133041850221302
2034,10.410016106443301
2035,12.903284323328819
2036,10.547845495784124
2037,11.531503678147939
2038,10.26897527274592
2039,9.813064474575787
2040,11.963431894866776
2041,11.41898711885792
2042,10.892351296104664
2043,11.900756764842775
2044,12.068166825932348
2045,12.02560482581883
2046,10.831683322847978
2047,10.491962594392204
2048,9.522640572293518
2049,9.171443695803333
2050,9.79164075269664
2051,12.454300684545958
2052,10.326712802424888
2053,10.517690720879585
2054,10.57955397914215
2055,9.494427616398955
2056,10.317762197217501
2057,10.644141761364446
2058,10.814293493867938
2059,8.99682500368785
2060,10.617241819147612
2061,10.634246259232404
2062,10.61848792984322
2063,10.160499793716717
2064,10.343009974698212
2065,10.677284598660705
2066,8.804335129391847
2067,9.648533206107892
2068,10.06201868985152
2069,12.715717769928181
2070,10.153949388734972
2071,9.742923180316115
2072,11.916207727930287
2073,11.61336749571666
2074,9.90406233020329
2075,10.143978153247454
2076,12.23971747827987
2077,10.521872430658625
2078,10.312888904943415
2079,9.051984706912476
2080,10.535737324028254
2081,11.566400431982897
2082,9.867920860766384
2083,11.322387902118415
2084,10.012899486847006
2085,10.446519520737622
2086,10.87273773873403
2087,10.817309727259794
2088,10.67028349285485
2089,10.404730914044936
2090,10.374677755987918
2091,12.25739325310854
2092,11.254840287636029
2093,9.842924215081451
2094,12.526841465906475
2095,9.43557497297539
2096,10.819896511757095
2097,10.820242180833924
2098,8.658818919189251
2099,10.818167242366405
2100,11.429764180390581
2101,10.874665820729474
2102,10.596526879743372
2103,11.034167803363982
2104,10.998078425347785
2105,11.86487930100513
2106,10.84678172268925
2107,10.99387255919639
2108,9.520297624373
2109,11.173726379469521
2110,9.927879597945633
2111,11.678856817128581
2112,11.590149157264932
2113,11.692816599136103
2114,10.145758547162469
2115,11.415519350118634
2116,12.076167420672107
2117,9.972227927711202
2118,11.251314777605735
2119,10.821177041438894
2120,10.859101232739027
2121,11.922420651648954
2122,11.1738729736431
2123,11.96685587959208
2124,9.525052289430322
2125,11.965678213547914
2126,13.165075344296973
2127,12.836829574057992
2128,9.859618651103968
2129,8.523428203605281
2130,10.784630475804086
2131,12.37495999270444
2132,11.169242582532439
2133,10.223324431251587
2134,11.60369883804518
2135,11.842558819097032
2136,11.704264593201826
2137,12.005461291298989
2138,11.618623823549061
2139,13.210346239177138
2140,11.398448377363414
2141,11.79354128830565
2142,10.47116033859611
2143,14.039996291956339
2144,11.460560302989993
2145,11.661938104793979
2146,11.956219406534295
2147,11.569990354818453
2148,12.888099879057645
2149,12.314544381667645
2150,12.908836435974283
2151,13.00438853141272
2152,13.244230653960125
2153,13.770640097432514
2154,12.679413284359843
2155,12.839240586365511
2156,12.573475828621785
2157,12.825297619784532
2158,11.76339362600985
2159,12.901769604462919
2160,12.879601465268653
2161,13.205102538619588
2162,12.019044126527234
2163,13.268150307908614
2164,14.11237549212087
2165,10.467472465023977
2166,12.358029379902225
2167,13.331017686378672
2168,14.044704859603412
2169,13.579515090266305
2170,12.891140062154069
2171,12.465333837173452
2172,13.477271720349128
2173,13.606586462029322
2174,13.547664738833195
2175,13.892236215151556
2176,13.789013322251304
2177,11.799817853885646
2178,12.731812917104435
2179,13.744454587494515
2180,13.359272785542268
2181,12.271879641084784
2182,13.437992145427133
2183,12.55546531171542
2184,12.846600686353792
2185,11.81151666310164
2186,13.370787497071888
2187,13.800569299961266
2188,14.493618638429458
2189,13.920509527407072
2190,14.082652462780095
2191,14.485508392036177
2192,13.369496848383495
2193,14.4023306405994
2194,14.466279934363328
2195,14.003050083671264
2196,12.692008031188527
2197,12.181594286289954
2198,13.804523352256737
2199,14.451164485676138
2200,15.182074013830459
2201,13.469486246804493
2202,14.128934149756587
2203,14.057737207145571
2204,14.39264102043209
2205,15.35131772738236
2206,13.521887914257112
2207,15.41948327152814
2208,14.114290295525784
2209,14.453203334438896
2210,14.970577778338999
2211,15.052263266729014
2212,15.168992038102981
2213,16.152158764063085
2214,15.645964539721797
2215,14.274051394424022
2216,14.103098739584478
2217,14.265700341554213
2218,15.055171457192122
2219,15.175977469055992
2220,13.869521639669342
2221,12.822477086585582
2222,14.5864096233045
2223,14.437870843417265
2224,16.81205914156185
2225,14.464893228333967
2226,13.05076964523653
2227,15.55564574804368
2228,13.597688186745499
2229,13.678544152584777
2230,14.652785532087442
2231,14.619899730842102
2232,16.90120594934757
2233,13.98942378164315
2234,15.133467003814168
2235,14.336104512775108
2236,15.356709961533669
2237,15.188527918018709
2238,15.066772414965381
2239,15.86518500247542
2240,15.846009433436533
2241,17.045035943236694
2242,14.6349692350105
2243,16.144767689237877
2244,14.318845732609272
2245,16.84357861078542
2246,15.826578830646346
2247,15.582603031711574
2248,15.508491132166048
2249,16.674508511822484
2250,15.388781914163122
2251,17.45716183684157
2252,14.719059328301158
2253,15.485267903890986
2254,16.518358625011537
2255,16.90698841679536
2256,16.28608638099423
2257,16.325451912054035
2258,14.77395833775634
2259,15.816959445011442
2260,14.069995728960121
2261,15.378536322913968
2262,15.352150859128393
2263,17.586931311730524
2264,16.596191543158938
2265,16.323919975647957
2266,15.957854591877178
2267,15.720614348982611
2268,16.852939182099263
2269,15.998563720949459
2270,15.592538725133707
2271,15.509756779062984
2272,15.697516002677602
2273,15.828988563849563
2274,16.718862900859357
2275,15.019128365798977
2276,17.731265134299
2277,17.265458563758983
2278,15.587296639036897
2279,17.37704954350578
2280,17.353304653069408
2281,16.321135102226258
2282,16.5272559038532
2283,17.401434756686434
2284,17.060507862162886
2285,16.759396427513675
2286,15.345326515689484
2287,15.194272095506163
2288,17.11988857779571
2289,16.487428228214462
2290,17.65841455070389
2291,16.621083848961437
2292,18.157423430162243
2293,17.261593839513885
2294,17.9561728050744
2295,15.748246428134456
2296,18.073645801692507
2297,17.514597215509117
2298,17.428917933147677
2299,16.739649614602136
2300,15.114201435281883
2301,16.629162152296953
2302,15.128308788832875
2303,17.26559070867522
2304,17.46717487235041
2305,14.931772079630955
2306,16.161061198537375
2307,16.254768614858424
2308,15.680585378069457
2309,17.36804880378448
2310,17.022455025702534
2311,17.51071232663971
2312,16.824348993407963
2313,16.803683576417903
2314,16.929148195181845
2315,15.309134896179513
2316,15.490924619790919
2317,15.615007521153045
2318,18.7380955604368
2319,17.0102691632236
2320,14.76498415589494
2321,15.501951751723974
2322,16.136270239614575
2323,16.164314970982044
2324,16.54239039176466
2325,19.264516078089777
2326,16.333853590942603
2327,16.883015928243925
2328,15.961711098388687
2329,17.036801072441904
2330,17.78744316099292
2331,13.202144344263068
2332,15.21708244101683
2333,18.195187498414484
2334,15.439988409017802
2335,16.82438051090413
2336,16.007439625881762
2337,15.771722479691034
2338,16.50775280217612
2339,17.40437484462884
2340,15.761507798103294
2341,16.730983579561414
2342,16.31050929365646
2343,15.984068838983259
2344,15.4644283343198
2345,16.19105161167664
2346,16.679890129344972
2347,17.928820135831135
2348,15.623049115845081
2349,17.40432376507689
2350,14.611484508177089
2351,15.523443542276361
2352,16.12683896511744
2353,15.726699318351335
2354,15.418412691486616
2355,14.570167796219827
2356,15.485153074443598
2357,16.033258261201592
2358,14.734059050776496
2359,14.183146502013312
2360,15.850969016169362
2361,17.06626481828406
2362,16.24512633675065
2363,18.55031974766156
2364,14.871619715788542
2365,15.098561027955114
2366,14.730040235837828
2367,14.395603653940272
2368,14.667139646732485
2369,13.429905909197618
2370,17.414530604077765
2371,17.36674732173024
2372,16.210703614048796
2373,15.504453154368784
2374,16.130170404787737
2375,15.425432487258936
2376,15.67825936398441
2377,16.81035237353748
2378,16.036491899761725
2379,14.751226349256434
2380,16.095458761907178
2381,14.91706435760594
2382,14.962818234887866
2383,16.72384567050339
2384,14.863021890440193
2385,15.810027160862031
2386,15.032769639717829
2387,15.743610511080298
2388,17.33286326856721
2389,15.208481155038871
2390,15.194150095009187
2391,15.05563297980259
2392,14.896228080153415
2393,15.133028168772247
2394,13.538518569457075
2395,14.520074933480512
2396,16.8260164886763
2397,14.634603008792785
2398,16.342224206065307
2399,14.107989304028864
2400,13.797068150550055
2401,16.271311583714912
2402,16.491928960788805
2403,13.868250553163497
2404,14.977070940878566
2405,15.467485287598876
2406,14.622741367840906
2407,15.20316636294075
2408,14.940203653552995
2409,15.010252278826716
2410,14.188134631109119
2411,14.772551079645028
2412,15.411434781078416
2413,14.999956640307662
2414,13.030482596351527
2415,15.121460828767757
2416,15.763587019391803
2417,15.769018590110162
2418,15.019367839458802
2419,16.869856031721312
2420,16.294150369429605
2421,15.147331889680734
2422,14.827514128112632
2423,15.776847135706827
2424,14.474713624473738
2425,15.80140941708219
2426,14.911816798981375
2427,14.88745796701393
2428,13.341168886303802
2429,15.620110409315895
2430,14.065147655845317
2431,16.44906768924701
2432,14.428130587262686
2433,14.839966719435393
2434,15.828533302908111
2435,13.893435875205176
2436,16.252053613391446
2437,14.969414319572738
2438,13.730535972139373
2439,13.703626894964513
2440,15.783607720789023
2441,14.291576062277008
2442,14.293484184723772
2443,13.963430082580244
2444,12.934359844461094
2445,14.215609693894539
2446,17.16216588342063
2447,13.989762020026035
2448,15.148132261301118
2449,14.836318637284466
2450,13.39215985836407
2451,15.373334811902245
2452,14.103724671714525
2453,15.020638682267737
2454,14.759510642201986
2455,14.516122003376333
2456,14.132541395086035
2457,15.19468404898266
2458,15.17002769720201
2459,14.338419247537239
2460,14.849933741587293
2461,14.014498685653468
2462,14.916006194924813
2463,13.962868239377777
2464,13.669168808663002
2465,13.563521249240177
2466,13.729581391673774
2467,15.152917873532862
2468,14.357862006275251
2469,14.02121746289403
2470,14.106724403108908
2471,15.229457710092825
2472,15.178972282251236
2473,15.06106513861833
2474,15.937387279612809
2475,15.07761701719047
2476,14.786011297667068
2477,14.548222406944117
2478,13.707164874360295
2479,14.336487192236351
2480,15.052545302237217
2481,15.124566544057016
2482,15.156074918062307
2483,14.716783821775575
2484,14.354716947579096
2485,14.548792002082939
2486,14.174560124551235
2487,14.467965147729169
2488,16.393687335038457
2489,13.523896264340165
2490,13.820803014864486
2491,14.762806211938004
2492,14.230675536242355
2493,12.523214440033883
2494,15.527043802268985
2495,14.48014131550688
2496,16.298165572207726
2497,16.48238519822789
2498,16.094026814705746
2499,15.628870233359372
2500,13.856692264375145
2501,15.6200674793405
2502,14.425360635110295
2503,13.721029006524386
2504,14.357248046472051
2505,14.12344221919293
2506,15.389366805016738
2507,14.650384508860348
2508,13.654370717141623
2509,16.210556157113324
2510,14.673473513968858
2511,16.32526266075977
2512,15.200277915286664
2513,16.15282240353428
2514,14.437283404255252
2515,14.175854997889084
2516,14.150030304769553
2517,15.316968615441558
2518,14.757345017481837
2519,15.2630570225484
2520,15.80543769732131
2521,14.980869167413625
2522,15.023491241456533
2523,18.2288626391891
2524,16.962573944471377
2525,16.362126699814677
2526,16.098343773084917
2527,14.923789780393202
2528,16.923664595818813
2529,17.184432318490785
2530,15.88396342451788
2531,15.705294177046131
2532,14.329820245987417
2533,14.343094197082566
2534,16.618806406112533
2535,16.72231247487554
2536,15.24645552424072
2537,16.33542217734373
2538,16.186868694719518
2539,14.557986969649072
2540,15.230834846305333
2541,15.462391381718197
2542,18.46796508608167
2543,16.524889225856693
2544,16.285393964861107
2545,17.86533270163198
2546,17.5243519385873
2547,16.76996714986533
2548,15.310915610589605
2549,15.73243546834531
2550,15.507043501964809
2551,17.32011156363939
2552,15.377070498555998
2553,16.055274267687675
2554,15.547755275835412
2555,15.904895116102155
2556,15.336274809872824
2557,15.600646583612155
2558,16.715170426669893
2559,14.389531487438388
2560,16.420212077788047
2561,16.177030019090214
2562,15.7674805383832
2563,16.257478216981777
2564,14.146484122672044
2565,17.893361202797443
2566,17.702521395622682
2567,16.334638667202594
2568,17.248868033839592
2569,16.934744538376933
2570,16.689791450988444
2571,15.510690315713266
2572,16.43065453460042
2573,17.56446296623528
2574,18.20829562397453
2575,16.361328987801837
2576,16.315067890723494
2577,15.680906109103386
2578,17.034412615170652
2579,17.197694797631705
2580,16.491509134404424
2581,16.033471959495845
2582,18.249138082296998
2583,16.918624250580635
2584,15.94479727898993
2585,16.159489220637326
2586,16.82939423299242
2587,18.095951047771052
2588,17.91697382772853
2589,16.796883272890614
2590,16.268111243147473
2591,17.505939981093274
2592,17.4393270860573
2593,17.02925880128096
2594,16.2422898177338
2595,17.03152781656484
2596,17.691678781956295
2597,16.85642077770456
2598,17.89086339779742
2599,19.24965580972505
2600,16.695277520932795
2601,18.089296120841144
2602,16.255324008139326
2603,15.753768393104078
2604,18.88150853347526
2605,16.43526061366952
2606,15.93503447314215
2607,15.785378615741548
2608,15.605497125982593
2609,17.556894174610097
2610,17.665994461973735
2611,16.468051853730795
2612,18.334552763617612
2613,15.867609801004477
2614,16.98865947988638
2615,18.059045447577166
2616,16.680219414027984
2617,17.196638367930042
2618,17.777452846908144
2619,19.262357083797596
2620,18.788771361241608
2621,17.396209849544384
2622,17.47380757987026
2623,18.309933126932794
2624,18.75360318016473
2625,17.6139603900863
2626,17.337549345283513
2627,18.720911191395444
2628,18.788951013585333
2629,17.575196812408482
2630,16.70755623380396
2631,16.743480626811746
2632,16.6052607128944
2633,18.203744620121128
2634,18.937233878743456
2635,16.31969796779032
2636,18.673447084563257
2637,18.51753740355042
2638,18.112764222887265
2639,16.850722465473098
2640,18.172666978731232
2641,17.91343271444553
2642,17.878652424164823
2643,18.77837593579636
2644,18.54322992880239
2645,17.583880942577906
2646,18.336351617402478
2647,18.469804885644685
2648,18.118497000150764
2649,17.708227284029824
2650,17.87184569682515
2651,18.381708788995702
2652,18.983537884812517
2653,18.352021249157467
2654,18.141391730550385
2655,17.252902959021064
2656,18.520340767304592
2657,16.02851666330661
2658,18.13332749981347
2659,19.369044887078612
2660,18.227063401248554
2661,17.588610109190494
2662,17.4627839603832
2663,16.538955627955044
2664,18.131142143085878
2665,16.51112629571096
2666,19.310188425637516
2667,19.776252264700283
2668,17.78320078552337
2669,16.043256329602514
2670,17.238666378109237
2671,16.214720011034167
2672,18.213877478411682
2673,16.121496021176338
2674,19.50757529264148
2675,17.205600482073457
2676,17.287697502734645
2677,17.909982539189762
2678,18.38054800143504
2679,18.437613179689826
2680,16.581813878813872
2681,19.008963418373302
2682,18.554714751558727
2683,16.74141121845116
2684,17.10057980616292
2685,17.440331248549064
2686,17.879065823233486
2687,16.82121352579205
2688,16.082696894325473
2689,17.62528830951044
2690,16.371488236521643
2691,17.342363737436237
2692,16.002831372120745
2693,16.9735782340639
2694,16.69826504951507
2695,18.816127293446208
2696,16.781101424333137
2697,19.010172127452687
2698,18.343015965709732
2699,16.846985199599953
2700,17.96561130016689
2701,17.62239942142985
2702,17.980532962025734
2703,18.269509655955478
2704,17.571332694683697
2705,19.4666424757618
2706,17.05822905158164
2707,17.284662011786928
2708,16.444604764244357
2709,16.647463979100596
2710,17.718436211412484
2711,17.06696901784986
2712,17.575507327789246
2713,16.944987263975406
2714,17.09101654804994
2715,14.52719432705189
2716,16.99193676582198
2717,17.281103764030902
2718,19.024405571622648
2719,18.483688675092914
2720,15.76768177157852
2721,14.627278476396487
2722,17.874929201415043
2723,18.938749877935457
2724,16.617247366628092
2725,16.736746208430986
2726,18.857525895323313
2727,18.23135114276568
2728,17.18432395191853
2729,16.60136970271541
2730,16.77352088779661
2731,16.212494874684147
2732,18.231346422352328
2733,17.835502448173468
2734,15.54359540309293
2735,15.871800200297555
2736,17.237969089292868
2737,16.69447040283983
2738,16.261894214789383
2739,16.513649846248427
2740,17.259423507074416
2741,17.241829088955956
2742,16.718122666099386
2743,17.190367619049688
2744,15.830547011732657
2745,15.211999523153002
2746,17.688923377634445
2747,14.308845819693605
2748,16.93637304486503
2749,18.37915168573422
2750,17.083545737271567
2751,16.898472749290455
2752,17.324663950631745
2753,18.055973488606963
2754,17.35586546897811
2755,18.137949633739563
2756,16.485792204308748
2757,16.696621274765103
2758,15.318564779002902
2759,17.023285414164633
2760,16.03340353286611
2761,16.980437035409924
2762,17.339640482873445
2763,17.36132936097781
2764,16.957515942130918
2765,15.903691267873244
2766,16.013534174130942
2767,16.36841663113365
2768,16.558097343626414
2769,17.30890348817923
2770,14.546353138880992
2771,15.963741007824241
2772,16.97143400913881
2773,16.56059280058297
2774,17.303080004709674
2775,14.907662879469182
2776,15.973725466549473
2777,16.406867057152084
2778,17.869423912378345
2779,14.87923287818839
2780,15.525545162237885
2781,15.747536011975264
2782,16.419137672513887
2783,15.461152709285443
2784,16.812992234460857
2785,17.729921086886673
2786,17.01361843822333
2787,15.886865754743065
2788,16.387620234829132
2789,16.23946906161118
2790,14.499037222153147
2791,13.983871127848904
2792,15.54855452798819
2793,15.721723763661583
2794,15.409443924403034
2795,15.095990728118576
2796,16.290889148330994
2797,14.813247379348399
2798,14.253103499036005
2799,15.155787041426258
2800,15.150413470379046
2801,18.387049831849662
2802,16.60344570583681
2803,15.345628281482648
2804,16.545300361926707
2805,14.555335289785276
2806,14.42586855913839
2807,15.252883311266643
2808,17.229012830005388
2809,17.084461246436863
2810,17.932562420707246
2811,17.22337715984659
2812,15.222692984728596
2813,15.937745813134354
2814,15.252799835387037
2815,14.817121467541336
2816,16.255188063548058
2817,15.621266156917173
2818,16.16033669791698
2819,15.56551283822424
2820,15.540556787511035
2821,14.874851982019846
2822,16.43290411288506
2823,14.771330397535971
2824,14.431696906425016
2825,14.248870632768515
2826,15.399566558724622
2827,18.30488081075061
2828,15.101874821164733
2829,14.599674778269893
2830,16.380462438246965
2831,14.637708333156867
2832,15.15611953849285
2833,17.05003625747474
2834,17.362583670733116
2835,17.15198618048412
2836,15.294711098485738
2837,15.600688925864306
2838,15.01601855548667
2839,14.595668884969935
2840,16.89024025735511
2841,15.85720199010003
2842,16.251546918071895
2843,15.809456779400278
2844,15.076870747786586
2845,17.329899435390956
2846,16.799974675030132
2847,17.413165328905077
2848,16.78477949058971
2849,15.53461474162705
2850,15.511087856339833
2851,16.67764545257323
2852,17.170280646027503
2853,18.278318433894274
2854,14.706526349405568
2855,17.225012924783623
2856,14.838373614011022
2857,17.48854134478634
2858,16.26401325392731
2859,16.016877227058497
2860,17.1873172662518
2861,15.369840305661567
2862,17.0777385228798
2863,15.28260453696241
2864,16.74630115365941
2865,18.01856671549819
2866,17.087932234853337
2867,17.913075942715032
2868,17.526823615722975
2869,16.891107490132022
2870,16.22819268178548
2871,17.33780486877258
2872,17.647319475553054
2873,17.595101742427357
2874,17.97430410247501
2875,17.040284237543496
2876,17.269801559111393
2877,19.412260540942633
2878,17.80346338174828
2879,17.366992259518184
2880,15.733557218915717
2881,16.710059844020567
2882,18.795787512768317
2883,17.00995683485464
2884,16.015171330228608
2885,16.194988925439148
2886,17.202872864157705
2887,19.220232631792946
2888,16.210617923341204
2889,16.956836482075392
2890,19.02323680788196
2891,17.24350851010134
2892,16.615853600032164
2893,17.58912733141832
2894,18.374971241054094
2895,19.237309128526007
2896,15.953575584833708
2897,18.641408997218473
2898,17.448054143336133
2899,18.09364393332395
2900,17.48503325069562
2901,18.020450073496768
2902,17.65729710348157
2903,19.59208232951727
2904,17.73144244194626
2905,18.02152464392427
2906,19.940967537476087
2907,20.57975797967967
2908,18.554024818667695
2909,18.043638573080788
2910,18.19558936283714
2911,18.04765603054073
2912,19.07382546742423
2913,18.33707006428171
2914,18.671071328664148
2915,18.830974092037675
2916,18.521364555071763
2917,18.500813051114715
2918,18.83715088755232
2919,18.41528891799019
2920,17.539877714785234
2921,17.266251893637605
2922,19.594231034555197
2923,18.773336870657744
2924,19.98981156578575
2925,18.53124650918414
2926,18.565251437607582
2927,18.096990362522092
2928,21.238924676831523
2929,19.227926691870568
2930,18.64361222527417
2931,18.98706696660194
2932,18.03827505344678
2933,17.912374472306695
2934,20.089180948867984
2935,20.08667749702806
2936,21.41541888293672
2937,18.772643212240844
2938,20.63251259509837
2939,18.519446742632482
2940,18.83196071756314
2941,20.48211469149729
2942,20.885725070101717
2943,21.666271100244437
2944,20.848202718974587
2945,20.66287812110365
2946,18.569034167934916
2947,21.25562749592947
2948,19.37407308398136
2949,20.50339018123409
2950,20.04438586648981
2951,20.986497301963997
2952,17.785558214056106
2953,18.458206737288926
2954,19.547867761143987
2955,19.79758306669493
2956,20.0007266575295
2957,19.877694808271585
2958,19.3876861522066
2959,20.197998771185212
2960,18.946553135016835
2961,20.512119493156646
2962,20.371097121990804
2963,21.115948262319677
2964,20.014640953162274
2965,19.906131208212443
2966,20.49933525079516
2967,21.926452474993905
2968,21.14971526792833
2969,20.34589010633142
2970,18.167164141631517
2971,20.805450388714586
2972,19.463282299243435
2973,21.88460084560078
2974,20.65098492484521
2975,18.653842576735137
2976,20.88508060228406
2977,20.43393679384643
2978,21.47486912119155
2979,21.190205552837362
2980,22.054093953268815
2981,20.830541872338546
2982,22.137538465251197
2983,20.54651600083843
2984,22.429161525852496
2985,21.61924415081102
2986,21.95539935375351
2987,20.823013036403076
2988,22.429045651525264
2989,20.59897976753572
2990,20.95055774267815
2991,21.574956272403078
2992,22.925421956791318
2993,21.419453846669843
2994,21.382415150089784
2995,20.018052380967774
2996,21.500715462138647
2997,21.326182576466884
2998,22.278107560785436
2999,22.423942787721014
3000,21.14991891245692
3001,19.841463716562632
3002,21.563087801113255
3003,23.780914884421453
3004,21.04750629196932
3005,21.207028785394478
3006,21.18412115586051
3007,20.624829549199106
3008,20.640664397800446
3009,20.22989020052987
3010,22.558530106502403
3011,20.39946574122216
3012,22.790658916778696
3013,20.004691313930028
3014,21.778197283265456
3015,21.264211911504603
3016,21.36995937504658
3017,22.481434719474436
3018,21.939567458540782
3019,22.69452380326761
3020,21.293011222988927
3021,21.56688783183842
3022,21.70289728238477
3023,21.593239300418375
3024,20.743705722461346
3025,21.72976493115448
3026,20.34424601117877
3027,22.189870867512262
3028,21.51902689384761
3029,20.392017844870825
3030,21.681600976357203
3031,20.443797557386954
3032,21.45074074312336
3033,21.271789700754944
3034,21.428450581603382
3035,21.223888157820475
3036,19.256021874460206
3037,22.370514198954904
3038,22.01643651238239
3039,19.661890786764328
3040,22.77626135654829
3041,21.413043583328538
3042,19.763043176125336
3043,20.37132046683402
3044,22.94221661583918
3045,21.34678058010808
3046,21.952307185867312
3047,21.935134786755523
3048,21.048928206460122
3049,19.854759714331045
3050,22.16513736190999
3051,21.615229400254
3052,22.556066513984497
3053,21.296780770151965
3054,21.149927852410233
3055,22.653353658586102
3056,21.619171686112313
3057,21.44358775714371
3058,22.68001565947721
3059,21.027543466833404
3060,21.238976069124085
3061,20.160455402559226
3062,21.625495723631374
3063,21.350763761599783
3064,22.13584114671579
3065,20.594739039944738
3066,20.387290402274257
3067,19.292423404871354
3068,21.523764116534476
3069,20.355295809100852
3070,20.806256559670565
3071,21.689602403138995
3072,20.871995302658426
3073,21.59856638292698
3074,20.08070810868395
3075,22.042325890394057
3076,23.161548142928545
3077,21.638597157639865
3078,20.446119582767704
3079,21.333741902099536
3080,21.951561701675672
3081,20.335424836766656
3082,20.06134475339421
3083,21.66274113652662
3084,21.767010372466252
3085,21.157846945679395
3086,20.58762157055914
3087,21.307669561596303
3088,21.280573836896536
3089,22.017725003377734
3090,22.124177077493663
3091,19.293476987441956
3092,21.5135479458842
3093,21.90296999235367
3094,21.934496374248734
3095,20.975051336442352
3096,20.12694232274401
3097,20.44365636298491
3098,20.315331109489176
3099,20.860994609363768
3100,21.586149807354186
3101,21.565110812806743
3102,21.422692888523205
3103,20.526445635335854
3104,21.104217654505206
3105,20.881716233002866
3106,22.53994989676217
3107,21.159274200787806
3108,19.56868981892471
3109,19.609823308136612
3110,20.931809544208637
3111,18.809588706971304
3112,19.75572870173867
3113,20.462339494925324
3114,20.695286337758994
3115,20.947750744769944
3116,19.897310014847328
3117,21.795243698846207
3118,19.4209961304611
3119,19.9297831020968
3120,20.64221933480716
3121,19.9286436762563
3122,19.5632038463548
3123,19.594002690511928
3124,20.333580963338505
3125,19.784837406270643
3126,21.698221343335362
3127,20.576650785804787
3128,19.16456666961309
3129,20.345591593765505
3130,20.39769813017507
3131,21.13652087303161
3132,20.7229776550216
3133,19.39826688431877
3134,21.027636676201737
3135,20.722222848952068
3136,19.96018941916787
3137,20.485072944435203
3138,19.351747723998436
3139,21.74171324709569
3140,21.22028992486407
3141,19.53746465489645
3142,17.741986935070592
3143,19.522967048137936
3144,18.55704749552408
3145,17.908184887289508
3146,19.459683118466653
3147,20.928974491780167
3148,20.987326159072886
3149,20.28986908370887
3150,19.352059037302475
3151,21.74230089328761
3152,19.020595096126087
3153,20.405973555637704
3154,19.699700828290393
3155,19.997741989610404
3156,20.928588018061166
3157,20.08505863429138
3158,22.208715389915085
3159,20.320460850389978
3160,19.143828724997906
3161,18.740366067852086
3162,20.27527749301357
3163,18.748623048342157
3164,19.757214841271747
3165,18.991805292280485
3166,19.081354188729936
3167,21.00032310506113
3168,18.302303971323212
3169,21.63898193751342
3170,20.271642451306622
3171,18.600664531738328
3172,21.181782105609685
3173,18.25000686194162
3174,20.397007811853445
3175,20.37833107621564
3176,20.015454065452417
3177,20.75145925749826
3178,19.731321712773507
3179,18.907151005237015
3180,20.404291049850215
3181,20.117574410972534
3182,19.048080544137406
3183,19.62103664123467
3184,21.202173055087208
3185,19.17757169326128
3186,20.600442057245676
3187,18.483591960481185
3188,20.553619619013727
3189,20.53942821232174
3190,19.223126391445184
3191,20.838555243491676
3192,18.632651074538177
3193,19.305837430543992
3194,19.88489688403951
3195,19.531174085584794
3196,20.270834494039825
3197,20.252401030985805
3198,20.803047376421176
3199,19.922602882515253
3200,21.44442321577298
3201,20.123464960396863
3202,19.404699016316755
3203,20.290632914413067
3204,20.122521749977356
3205,19.36018983262322
3206,20.807543548829962
3207,18.205839037699846
3208,21.00537580642752
3209,19.98981289524603
3210,20.39724570622318
3211,21.395736952556348
3212,19.776811610960074
3213,22.025657851890433
3214,20.281292643467985
3215,19.510860058684855
3216,19.190423308092324
3217,18.542220426972786
3218,22.027934801907143
3219,20.408190912817076
3220,18.94142261360458
3221,20.32647598308636
3222,20.42177385113209
3223,20.43988262976914
3224,18.98358652466493
3225,19.38689624844693
3226,18.04971514906368
3227,20.11841741031506
3228,20.052566486942823
3229,18.71151540094557
3230,21.760007168245114
3231,19.64097197532483
3232,20.779540438371498
3233,21.07326996015465
3234,19.686008647876793
3235,20.58719680549984
3236,21.36517453527465
3237,18.52733725164882
3238,19.75723035588835
3239,20.07112907772122
3240,21.09016947922775
3241,18.96339398619352
3242,20.028074601658677
3243,20.755691483538143
3244,19.009624230771056
3245,22.46203688307345
3246,19.198065493096674
3247,21.009980271319098
3248,19.858711912106894
3249,20.1894309615289
3250,19.76962604374915
3251,22.47399378647284
3252,21.79785385596395
3253,20.257864184067984
3254,19.0001056122273
3255,21.65410757289593
3256,19.74835528625892
3257,21.86798466491099
3258,21.32516949950384
3259,20.75853682806925
3260,20.695983597412102
3261,18.573117591581095
3262,20.274836424861906
3263,21.77519012952223
3264,21.560753219084997
3265,21.311891060466966
3266,21.205326866583256
3267,21.597033583691047
3268,19.92555719786026
3269,20.604165411452197
3270,22.399270566293875
3271,20.637685669034166
3272,22.350282795373115
3273,20.718301786825528
3274,20.884505860607806
3275,21.372263369352094
3276,20.199039941204838
3277,21.46862628743877
3278,20.376092540727424
3279,20.535789701775897
3280,22.036252562719444
3281,22.672124153132547
3282,20.785048491658838
3283,22.74475392267728
3284,22.063723304742204
3285,22.168189471943585
3286,20.537222040900133
3287,21.299543520620883
3288,22.501236177770803
3289,19.23854777671967
3290,22.96114832598502
3291,22.23436551011529
3292,21.633487802086815
3293,23.219010775752448
3294,21.42092212222841
3295,22.27381773620078
3296,23.056321464018794
3297,21.455494742517203
3298,21.7545212470559
3299,21.62156181721194
3300,21.964241556222735
3301,23.00650012192723
3302,19.718414032756197
3303,22.33384813894737
3304,22.343475535945277
3305,21.43962992762041
3306,22.232158084097126
3307,20.893423702550734
3308,21.89691836358258
3309,20.952848876343584
3310,21.28649824446427
3311,21.20923021490376
3312,21.68073706942517
3313,22.266526502260337
3314,21.965172213751224
3315,22.3486873244617
3316,23.249573514471862
3317,21.66275449249349
3318,22.264796187053165
3319,22.840092809564993
3320,21.665295140525668
3321,21.680641451811983
3322,21.160077167520882
3323,22.420605664883286
3324,22.400354252483083
3325,23.14124236607894
3326,22.150530098592014
3327,23.08869642710259
3328,21.387774325944164
3329,23.069314957487894
3330,22.886282395474847
3331,23.20818622513914
3332,21.995593664746785
3333,22.018414790142046
3334,23.117463602716153
3335,23.07609035340893
3336,21.753991261817003
3337,22.795640952852665
3338,22.772264202868968
3339,22.88885215373249
3340,21.6643819891589
3341,23.835760553323016
3342,24.25823730039506
3343,23.651233276635256
3344,23.77963394129414
3345,21.900548059782686
3346,22.94312551534595
3347,21.388827954394973
3348,24.502294637288433
3349,21.098567741195048
3350,21.720390982457964
3351,22.197949572976253
3352,22.771177972708184
3353,21.778890915387308
3354,20.729353462513878
3355,24.847553158772147
3356,23.18492038301356
3357,23.00789502398099
3358,22.742192337562994
3359,20.82464524314862
3360,24.084824371071086
3361,23.16126301743541
3362,23.176416910546255
3363,22.22587248003942
3364,23.03524308819737
3365,22.22377589029723
3366,20.817038697776574
3367,23.666241382467362
3368,23.36428201286756
3369,21.973191507327705
3370,22.339770878061255
3371,23.070302654609186
3372,22.28455261445414
3373,21.493122711717245
3374,24.268226820584676
3375,23.843095568955427
3376,23.537017319925976
3377,23.496102597550017
3378,22.589806514571503
3379,23.347312058023054
3380,22.157136440170618
3381,22.72054917488171
3382,24.159113023703313
3383,21.870154297886387
3384,22.80363840453691
3385,22.567606461189992
3386,24.08255287755711
3387,22.22090291484883
3388,21.419618739120395
3389,22.56512280699289
3390,23.343088715265736
3391,24.181940988770755
3392,22.74104244913631
3393,20.998867830471493
3394,23.698918719405064
3395,23.839583413187658
3396,22.20274422328384
3397,23.375474580516432
3398,22.386141329399653
3399,23.80957708141012
3400,23.75079483051234
3401,22.250471770703975
3402,22.30042103476642
3403,22.919454397598564
3404,25.16784530136089
3405,23.408842901788393
3406,22.724635408536447
3407,23.548361322087665
3408,24.159013197916483
3409,24.039090347650347
3410,23.451812387486946
3411,24.44436135495272
3412,22.73593690830246
3413,22.158202194255672
3414,23.427495340451607
3415,23.094762126991913
3416,23.543901372708827
3417,20.91220626280489
3418,22.851311809715707
3419,21.006266966897748
3420,20.99223881534968
3421,22.706240109294647
3422,22.44801884791018
3423,24.096519958438634
3424,23.40119203795533
3425,21.31286336371849
3426,20.86163035911173
3427,23.357183484546564
3428,24.406809126533357
3429,22.92952703712171
3430,22.18271749156367
3431,21.599201516289458
3432,22.3984888549206
3433,24.36504422050422
3434,24.724383415479323
3435,22.18125246950081
3436,22.35238132716074
3437,24.493116833626868
3438,22.27132483850361
3439,22.385753936380652
3440,22.50255190988498
3441,21.708961734866335
3442,22.780041057888887
3443,23.784170155700444
3444,21.788616142070232
3445,22.269201697773106
3446,20.6992350524474
3447,23.48108895858466
3448,23.47988180620181
3449,24.236685800947065
3450,22.71457786971935
3451,22.768963629799774
3452,23.43369579308834
3453,23.46214769331937
3454,22.546211810817873
3455,22.109515365258808
3456,21.626403319880623
3457,20.79841414345104
3458,22.12737039930205
3459,21.18491860261288
3460,21.68742484110464
3461,20.543022631240266
3462,22.93054319149358
3463,20.788831268264257
3464,20.477753387789303
3465,21.61647675681536
3466,21.590230841113865
3467,23.48904238678437
3468,20.38678113408135
3469,22.599404879839458
3470,21.771997388906456
3471,22.078295213601272
3472,20.17195716371847
3473,19.51409848343298
3474,21.748547621276746
3475,22.423273742281506
3476,21.927780830960103
3477,19.982051977458816
3478,22.295304146196933
3479,23.35009539239904
3480,21.13435744261633
3481,22.861066669220644
3482,23.404649575169202
3483,21.502139819952703
3484,20.729979671589035
3485,21.15415753235838
3486,22.55147868451135
3487,22.047453344985612
3488,21.386288039102144
3489,21.921947903341383
3490,21.301946009623695
3491,21.727311981300794
3492,21.754184115777914
3493,22.24991836274341
3494,20.676643438585998
3495,19.95631725002257
3496,21.005543652961528
3497,22.410714337583958
3498,21.40368197969169
3499,21.10411452230256
3500,20.41590623343866
3501,22.658153217306612
3502,20.67343190984285
3503,22.39305785329146
3504,21.94712678941746
3505,23.352052029252615
3506,19.979515539932137
3507,20.637914943206688
3508,22.19759265445525
3509,20.776383830045994
3510,21.270997637386444
3511,21.73739201178547
3512,20.356099755386957
3513,23.25484358207141
3514,19.19660602622478
3515,19.6753632080231
3516,21.40972909595844
3517,20.79882122096876
3518,21.193371785924462
3519,21.310928114363588
3520,20.955462541482262
3521,21.78247584301003
3522,22.769859053890773
3523,19.7550013022426
3524,20.430635167585574
3525,22.50936251795556
3526,20.800922611815448
3527,22.79911243802684
3528,19.808628388571616
3529,22.251658934838428
3530,19.76034360508347
3531,20.60301761612265
3532,22.07521680395291
3533,20.1376444777518
3534,21.35226948181434
3535,21.18764950171827
3536,20.277452078336395
3537,21.161418765503086
3538,22.082673968285974
3539,21.07986753122092
3540,22.8956168413684
3541,20.142206190524217
3542,21.27997754971122
3543,21.63130550049306
3544,20.905198092167158
3545,21.40081102273751
3546,20.85042798931241
3547,21.934698340637283
3548,23.75861877112582
3549,20.360011387236703
3550,20.235603505197247
3551,21.223807388779605
3552,22.201160504652915
3553,22.080399391516735
3554,19.49697316240946
3555,21.160477517220148
3556,19.966175479595528
3557,20.864944535071558
3558,20.062689651861106
3559,20.46502263402699
3560,22.220485744830153
3561,19.898398255227633
3562,22.22428398033871
3563,21.103818781373523
3564,21.312097421427126
3565,19.747906105683093
3566,21.241452847923384
3567,21.872606392619836
3568,22.43895396631114
3569,21.73909772342491
3570,19.483482243557418
3571,21.91394792854137
3572,20.435312521078483
3573,21.76815974313769
3574,21.406774047205076
3575,21.45407551565627
3576,20.696923841302684
3577,21.121410004522723
3578,23.18984188528222
3579,20.38395686974369
3580,23.792655929790666
3581,21.44379168434981
3582,21.547158374973698
3583,20.929303914752957
3584,21.124068781132376
3585,22.40133941713545
3586,22.31760088915338
3587,22.39032591201887
3588,21.544707170934473
3589,20.872215380807575
3590,21.22106022214957
3591,20.57529995624691
3592,21.211379177253086
3593,21.049622432777777
3594,23.055818016871395
3595,20.907800326596917
3596,22.10885201686904
3597,21.459770700601865
3598,22.74245936204904
3599,22.31564072373636
3600,21.42544977487755
3601,22.774980555031547
3602,20.988570679566067
3603,22.474681626644493
3604,22.529543943339043
3605,22.720487389806294
3606,21.80570743524975
3607,22.115432392549877
3608,21.330748922993397
3609,23.353806408724786
3610,20.69282423615674
3611,21.810938369181123
3612,23.46006972015014
3613,22.771167914276102
3614,24.443628992405312
3615,23.127506648137945
3616,22.22578885198887
3617,23.16883230297144
3618,23.56079355483489
3619,22.35876222679005
3620,21.937454533219977
3621,22.866394736595684
3622,22.038200061697108
3623,23.740030602337036
3624,22.073505589164554
3625,21.83199964032876
3626,23.809847391016536
3627,21.665741072367265
3628,22.716367896611086
3629,23.289626514372905
3630,23.13003591395519
3631,23.276224178413226
3632,24.46438490018611
3633,22.555202138992684
3634,22.912603355691363
3635,22.408519073587165
3636,22.98274010714906
3637,23.641425435161675
3638,22.98840985357306
3639,22.41388210290598
3640,23.404607035912303
3641,25.063257347274174
3642,23.09456626586381
3643,22.889098828480595
3644,22.738472494017362
3645,24.12725602143077
3646,22.697086543539726
3647,25.341323086368764
3648,24.513278938889655
3649,24.376710007429658
3650,23.718860968179058
